color_missing2,tx id,time,auction,color,color_nan,shirt size,condition
False,8dbf3cfa48b25f32e300f279bb4163c67d5c60cd,3:36 PM,$17.18,Puce,0,S,used
False,8ccebfdb1a41830bdcc0e926531f3215986b3a90,9:03 AM,$15.19,Aquamarine,0,L,never worn
False,ae85a421a91cec8baf16ff1e45fb3e239130b584,7:42 PM,$7.58,Violet,0,L,used
False,85e44f09a04a79182befcfd55e288a855f633e81,10:28 PM,$9.10,Goldenrod,0,XS,
True,ff750bfca4910cfa7f538fbe5463457839021680,6:38 AM,$8.22,,1,2XL,used
False,d015e1f1a00c7123408f0939a474cad0bd302cd6,10:04 PM,$11.71,Fuscia,0,XS,Never Worn
False,8cd6396961868c674f81e3382f155d4892d79cf6,7:27 AM,$4.70,Turquoise,0,L,Never Worn
False,7909ac5a047d2a2ca00843de524057f232b4dab7,3:40 AM,$14.54,Crimson,0,L,
False,d265002c31ffee436de5d1dfdb3020eefed5ba68,12:25 AM,$6.11,Yellow,0,XS,Used
False,f5c24c01d7ce56aefc241d9a4326cd2c96dbd2d5,12:57 AM,$13.47,Green,0,M,used
False,9dcf26b4b2d22d39832e9bef1dba2021488f26c1,9:34 AM,$9.70,Turquoise,0,M,Never Worn
False,443e79450fb7e0b2b0c3ff3b3124d701ea8c1854,2:08 AM,$18.30,Turquoise,0,L,used
False,610f4f00f4bf19d2a9db871cfcf3c528e8c11bb5,6:20 AM,$18.06,Pink,0,XS,Used
False,d211f872d0b800191632a77013dc4cf31771e648,10:00 PM,$16.86,Purple,0,3XL,used
False,360696a558414d4b024069353201c6167b26010a,2:46 PM,$7.59,Green,0,M,used
False,e3d464d75d9696bfa4f2369544c750222bbc88bc,11:54 PM,$7.15,Goldenrod,0,XL,Never Worn
False,2ce541ba4fc1cff41b53e47689a617e5384c4d90,2:22 PM,$14.85,Teal,0,XS,Never Worn
False,8308a089db11c3e31970bfb919f945dddff5304f,6:03 AM,$12.97,Goldenrod,0,S,used
False,2440c6a689ff2572ace9ceca511ede828f93608a,4:11 AM,$9.04,Teal,0,3XL,used
False,daeac423b5ec14fac3063c2214e382092a12f75a,1:41 AM,$10.20,Fuscia,0,2XL,never worn
False,1c10f0bba60c033835eec07cae2b0fbc1d28eb47,10:10 PM,$18.52,Goldenrod,0,XS,used
False,21cea11030e3aeedf17687990959a4db5d331c68,1:06 AM,$4.62,Mauv,0,S,used
False,cf7b2a23ab79371a5cda98bd48534c1e40382bb7,3:05 AM,$10.99,Puce,0,S,Never Worn
False,1062ac89fac8c048c0b5e7e2f8cc9f9219467a29,8:59 AM,$13.77,Teal,0,3XL,used
True,512e7c4e5a8973ce6e39bb4818b1d5fedb6f4d54,5:22 AM,$6.82,,1,XL,used
False,9b4b381f38e389e76a87640d4c9e46d0df27a207,11:14 AM,$18.66,Mauv,0,3XL,used
False,a45b19c880af0328f882d4e7e74d5bad487e598c,10:40 AM,$18.90,Green,0,2XL,Used
False,f87e2ff8c0f1cb6ee57dbb51269a9571010a8df5,3:27 PM,$3.72,Khaki,0,2XL,used
False,ca5ee13db39ccb2427a135df4deabd63b46c512a,1:50 PM,$11.68,Khaki,0,M,used
False,a57f254bef731737a5dca84e17225b1e9c6c480a,7:14 AM,$4.90,Pink,0,M,used
False,92ece83ba37db5e3e40297eac00a1e0f46d62cec,3:36 AM,$14.77,Aquamarine,0,3XL,
True,cedebcdd057263f3f0df920828f9621bc8089c6b,6:14 PM,$17.06,,1,XS,Used
False,dc7814dc31f0436994f15d1c2d2296f0e4e82560,5:28 PM,$13.74,Goldenrod,0,2XL,used
False,018fbc548addbcc2443ffa6644eaefe18aa9b86f,12:38 PM,$18.36,Red,0,XL,
False,b2ba18448c134aa7058c3b596031ec6d31a8f5f2,6:14 PM,$14.71,Khaki,0,2XL,used
False,083881cb0ffdc1319aed1047ad6af2f923240c37,4:44 PM,$16.88,Goldenrod,0,2XL,used
False,55a05b7de407ff5b8f7337fe9e6c30b411446d8a,11:39 PM,$9.30,Indigo,0,2XL,Never Worn
False,9c7160f3a95807be9f583ac443182e7cf8fdb071,11:10 AM,$4.20,Fuscia,0,3XL,
False,be9b60d578f2216ae4d336074adf93c72d21845b,3:46 PM,$8.54,Yellow,0,L,used
False,76d61a7de1c12e35ad46360028a11dbe703c6ac5,1:23 PM,$17.24,Yellow,0,XL,used
False,ed470058d964d185f407879ee4dbeee7f520806a,6:41 AM,$9.36,Purple,0,XS,Used
False,ae20d5835c77732db80f248964c0bca7bceb8aa8,4:08 AM,$11.63,Fuscia,0,M,used
False,4a4ab822e53d88373b3124379fae13b5edd0a21f,5:07 PM,$12.01,Blue,0,XL,used
False,7dcf06f811cac58685c1f2157976c421c5169c09,1:50 PM,$12.66,Aquamarine,0,2XL,used
False,b864832c740545b41953f9e0ac1fc1bf04496a64,1:56 PM,$10.95,Turquoise,0,S,used
False,f2416f802f78c539906ba500fb86195306d82854,4:03 AM,$10.99,Khaki,0,XL,Never Worn
False,d6376e64a7233d97d485ba6486c837cbde271913,9:09 AM,$18.91,Green,0,L,
False,6c3642dfed56576a92f8664c413599e6685bfd43,10:33 AM,$15.29,Violet,0,M,used
False,bc3a9e1d6edac5828792cfa998a9322e80223302,6:49 PM,$7.64,Orange,0,XL,never worn
False,5c439fdb7d8b15d32fb8ba9312a682e16270844c,7:47 AM,$4.35,Yellow,0,3XL,Used
False,55205e8ff26fc7a480d44414bdf826a4f20d0039,8:18 AM,$4.88,Violet,0,3XL,Never Worn
False,66cfa219fc6d7d706abd3c8a238d7edd14715239,3:01 AM,$14.78,Crimson,0,S,used
False,7fcc70ae265187119ffaf253519fa456201d7fc5,8:43 PM,$17.12,Purple,0,2XL,never worn
False,380ee03e8e730ef2aceb06f721f27a7b87488f3d,2:58 PM,$4.90,Khaki,0,S,used
False,ec5bebf8b5c03a0cda147feccecc52500b7b3fbe,7:18 PM,$5.21,Teal,0,XL,Never Worn
False,2742b1da330c4f7f11830d551f0130d74236f1e1,8:24 AM,$14.62,Mauv,0,S,used
False,0a70ebdd1b5281cf4beae49437e795b72490a93c,1:45 AM,$10.08,Yellow,0,S,Used
False,535b5389632ebf359c1dec0eb5c65d947d88d956,11:57 PM,$10.32,Goldenrod,0,XS,Never Worn
False,5c98e5909c71d242cab1a384173597baab4befcd,11:24 AM,$11.09,Purple,0,S,used
False,14a28a44ef1e337e9bc450d543f0c7be6ecb48f9,2:46 AM,$11.40,Purple,0,M,Never Worn
False,4b5ddcb68533759fffa7c3852ba40cc81d46d69d,9:04 PM,$17.34,Turquoise,0,XS,used
False,4a6984eac5343ca4a13975283763de74811d2c83,1:49 PM,$5.33,Red,0,2XL,used
False,161e09469b88bbfe9a3749cc26fd216baba21289,9:15 PM,$16.19,Blue,0,XS,Never Worn
False,2b57681a6e54e22567141d34df38a6d454087d27,3:53 AM,$3.16,Mauv,0,XL,used
False,e8db924890d2d4c6b765e3ee1f0fe3f62e10fc9e,7:36 PM,$10.77,Indigo,0,XS,
False,77e1d051a2149600a0093b9f98c18b9df3778337,3:40 PM,$10.46,Crimson,0,3XL,used
False,256ab87807c5709c1379e6958245650ea31eff7a,11:58 AM,$17.82,Turquoise,0,3XL,used
False,b9ff0daf92b955c67a5140753331ada3389c1d39,5:49 AM,$3.30,Indigo,0,3XL,used
False,24de8cf59360b109975af6d33e1bc64ceb321b7b,2:01 PM,$6.88,Indigo,0,XS,never worn
False,6b64c1a5f27b9fef5d27f0e436646b2ac7c71824,11:34 PM,$7.89,Green,0,L,used
False,b63e3de5ad3dbcce3c465068c10fb3c9933690ad,7:51 PM,$12.68,Blue,0,XL,used
False,6f42d172690791c4d0bd1315a2e1ecf5661eca11,3:34 PM,$4.93,Mauv,0,M,
False,9af35fcfebab02193d5984b73e84a3f9e9f2a8b6,3:53 PM,$17.10,Violet,0,2XL,
False,66e5875e284bb7c3365bef8c14603daffeeb7ed6,7:40 PM,$7.17,Turquoise,0,2XL,used
False,29b28fd8068534aec086654887750518580fe1c2,3:15 AM,$6.89,Mauv,0,2XL,used
False,b632d3ce603bdf8d2a33a134c422d929cb9c0c8c,6:22 PM,$6.02,Violet,0,S,used
False,c7cd783e11a887537fff448df8a35870dfdd472f,11:44 PM,$8.43,Pink,0,XS,
False,75932aa4dac2b810f07d884a8010506e9c03c878,1:06 PM,$7.88,Maroon,0,XS,
False,ca2e1c45d4378a941a6b086f4f50634a24e1eb3a,8:49 PM,$16.21,Maroon,0,S,used
False,4dc1fff63f51e1f486a368ac68bbed1e3c8ae9b9,4:00 AM,$11.02,Khaki,0,3XL,used
False,6cbe5096c2bee30b2d36137ebee32739f23dfc19,6:54 AM,$4.18,Purple,0,M,Never Worn
False,cb49b9d06f1bfbbe82ab3555f3d1ac129eac4191,8:54 AM,$10.86,Turquoise,0,XS,
False,4b9e58cd546237225440bdba4f77bb09c67bf8fb,1:19 AM,$15.38,Purple,0,XS,used
False,a83cab361e3b8f9a98c2faaf2cfbf6b4e31b1735,12:06 PM,$5.39,Turquoise,0,3XL,used
False,3f0b7ae7ab609f758d44112aaf6182d3dd55284f,4:27 AM,$6.69,Yellow,0,M,used
False,8127e7ed853c5e520b15eabbcd8fae08c360eb07,3:54 AM,$3.93,Maroon,0,M,used
False,d6bc57855dc5e1e8c33955710b6d2bc3e68be8fe,11:34 AM,$4.33,Mauv,0,M,Never Worn
False,2d5ddd535ae19dae89f5941aa3ab12014fff8dc8,1:13 AM,$4.99,Maroon,0,XL,never worn
False,6f46ed1d099fd23221b63d07c98becbc47cb4eb4,5:52 PM,$2.02,Purple,0,2XL,used
False,e416918e450ce053cd007d581d6ff9dc8d19190f,3:12 PM,$15.29,Blue,0,3XL,used
False,96f53de84d8aa3785f8dac596c30e46f5e979c30,1:03 AM,$18.96,Indigo,0,XL,Never Worn
False,3642e7004167e8719a834399acbdf97e2ba9ce21,10:35 PM,$13.37,Indigo,0,XS,
False,4d0d74b530ccc594e5e1d00595eecdbe25a52020,5:48 AM,$11.48,Aquamarine,0,S,used
False,f56846b128ebb9498da4849f8182e27c370edb3b,9:44 PM,$5.16,Fuscia,0,S,used
False,42ce8dc8628e6d3f147d8304cc1230473959401c,8:56 PM,$10.06,Purple,0,XS,Never Worn
False,d0d7b5140cf6efdf14673cc69766f724f43cca20,9:17 PM,$7.03,Maroon,0,M,used
False,a1364e80001252f9624fb52e77ec3915565509cc,7:38 AM,$13.97,Blue,0,L,used
False,322380dee1a731f26b4acfa9945b78a8d1cc60f7,3:01 AM,$9.91,Aquamarine,0,3XL,Never Worn
False,a1836baee977231fed503587ceaf6adb2ca98113,11:45 PM,$13.17,Purple,0,S,Used
False,b310ff271f741bbc2c892fb75328de57c46ee355,6:39 PM,$17.44,Pink,0,L,
False,9ece3d903d3b54dd02d29dec9bf8dc2fa03539be,3:24 PM,$8.95,Yellow,0,L,Never Worn
False,7a39d57072df3001be6d6be24abe24af78c2e6da,9:15 AM,$11.16,Crimson,0,XS,
False,fdffe19e58546ec6f6e9e0e445792975dc7572f0,1:38 AM,$17.63,Aquamarine,0,M,used
False,84a537d1928e8c01ff7f7955841fc12ef75da9d8,12:36 PM,$11.57,Crimson,0,S,used
False,f5295ef798177b95ee36510b88fa92078124467f,3:20 AM,$16.90,Yellow,0,3XL,used
False,41ec5218484a0b8a0aa31a15cab1fa2a7af0627e,10:25 AM,$2.39,Green,0,M,used
False,57460b170c875b5d70cdc410b043814a17d4d2cc,2:07 AM,$17.44,Teal,0,XS,
False,5445ec593fb194333ab0b073b2c8d8f58d2bb5a1,3:29 PM,$6.74,Fuscia,0,XS,used
False,116af0dcddafc7d67cf0da8a107437a37f0e5ad2,8:50 AM,$3.28,Pink,0,XS,Never Worn
False,527c52c9f08e6d4f9b2cac8354a4884ceef33a16,7:40 PM,$11.39,Yellow,0,L,used
False,3be006cd69f9ed68a88352dab26e8edfcb9ebce5,11:56 AM,$11.26,Crimson,0,3XL,used
False,a4e4e2e4391a56853c78bac1e174eb37f352ec04,11:29 PM,$10.69,Fuscia,0,M,
False,c0fbba3d3bf7c420fb359b25f160ffabf2814d1a,9:15 PM,$4.09,Blue,0,S,used
False,60416d2ee7894c972fdeb613ea197c6ecb243293,11:14 PM,$7.51,Teal,0,L,used
False,33b8124244844e4b240f15102cc451031ec3a6b6,10:16 AM,$8.04,Teal,0,S,Used
False,9f6d295bacb41ad1d908e9a4b4cbe416b407abd7,9:55 AM,$15.11,Purple,0,XL,Never Worn
False,e2bdcca41a1ee09dd98673e18ef791af3dc30b4c,10:42 PM,$7.32,Mauv,0,M,Used
False,30123112598ec855f43309147a154886999826ff,8:13 PM,$3.27,Green,0,M,used
False,864ae770f370921e884f4e80f58965cf62244a3a,11:26 PM,$13.09,Khaki,0,XL,used
False,76d0c888bf34a0d76191d1aac76444ede0feea63,2:05 AM,$13.03,Maroon,0,L,used
False,8b71b96465a654b6cc50ece37c357a85afee0d32,12:06 PM,$7.35,Fuscia,0,XS,used
False,7f383c2e909b95f2fbdb3860cf33dddb9b89fcaf,5:08 PM,$18.60,Yellow,0,XL,used
False,0ed8ebd47f3f251b13f76cb0d6e366db7e358f37,9:45 AM,$12.54,Aquamarine,0,L,
False,3f8fa5b2aadfa016eb158bac995446382dac3a81,2:57 PM,$17.68,Goldenrod,0,M,
False,6999d89f93ee244870f901b9e92675287ce95eae,12:26 AM,$6.14,Goldenrod,0,M,used
False,2e49d8c2464a429dbea2c757e5ff21f7485c613b,11:44 PM,$2.44,Khaki,0,S,Used
False,8d239365dd11c35ec618f81da459c54149cba6f8,9:47 AM,$4.98,Yellow,0,2XL,never worn
False,78734f471b204bed4a1436bba677e7d3c40465b8,1:11 AM,$15.96,Puce,0,XL,used
False,fda271c55ceff0c7ab78837d5ce5544a6d191926,1:20 AM,$10.74,Goldenrod,0,M,used
False,7baea5a270f7a6c69fc4ee5cce77e328318bf2de,12:07 PM,$2.73,Turquoise,0,2XL,Never Worn
False,49d81a4c0060b8c981086e0b48d2f16195b9e181,8:07 PM,$13.88,Goldenrod,0,S,Never Worn
False,2b8830f39d3b6b1b0d40722fda9cc909f70f8d19,11:32 AM,$6.90,Red,0,S,used
False,9fd6bb8f73fb6a0b4d047d67faebd231254e42e4,6:46 PM,$2.68,Teal,0,L,
False,6c7b6d58c0b2f475657bbbde4a71e6d67206386d,3:18 AM,$9.48,Puce,0,XL,
False,f8406b68edc11fbc90d851718f63fdc3fb4e8562,9:19 AM,$6.84,Aquamarine,0,S,
False,d613590d86a91c8ba4ec121bc20d8d38090ddb8c,11:41 PM,$3.20,Orange,0,2XL,used
False,47a39f7c3140b55811f3cea0dd52aea1bb8e4b86,5:47 PM,$17.00,Fuscia,0,S,Never Worn
True,9745f3fa048a25678016ea6f86ee7a0f02dfa91a,8:19 AM,$11.71,,1,XS,used
False,34517d8c482a1931ef5305972705dbf5052aa2c6,6:25 AM,$10.54,Blue,0,XL,
False,89c0bd3049caa7693ea4a3d33b04c18f3b302f97,1:06 AM,$3.82,Orange,0,3XL,Used
False,1782d1397e95975eded63803d07d304712271ef0,6:09 PM,$8.66,Fuscia,0,2XL,never worn
False,633c49f0f0d35d862a587ecbf3e8c6d6f983c205,6:03 AM,$4.89,Indigo,0,2XL,Used
False,bc04ad4481b4a0b29931f7ab51da728c5eb4a53e,7:55 PM,$16.25,Aquamarine,0,2XL,used
False,6f35ee634b3493eeca71b84a5d8f9c9d49878732,7:51 AM,$11.20,Crimson,0,XS,Used
False,3e8f9ec1697123597d76f95003818a20793e1121,6:50 AM,$12.95,Yellow,0,M,used
False,77456865edb7b596ee68ece3a9009a4b15090279,2:12 AM,$13.39,Aquamarine,0,S,
False,ec07eac4cf9b35d34cbe259140afff881a1d3ae3,7:15 PM,$6.19,Violet,0,S,used
False,7c591b44c8b993acccf1be3211552fabf338d48d,2:11 AM,$2.20,Orange,0,L,used
False,62d5843e18cd6df3dab18496a61a2ab11f481a53,7:48 AM,$7.94,Mauv,0,S,used
False,b2786c48a8b47c195bf3d55f4632dd6b88d6c121,5:56 AM,$9.25,Fuscia,0,XS,
False,180f058563e57cd31e52e3cc6dcdbfc75426ede4,9:13 PM,$15.61,Mauv,0,XS,used
False,8d96abe66e658dfa82f7513b9a39dbd4e59d4f78,6:42 AM,$17.68,Green,0,3XL,used
False,dbc3ec1af6c52eacfaa883a01d24208e241d3185,9:33 PM,$10.52,Turquoise,0,3XL,used
False,73b16b69a9f4b94fa569e9d75cbdf0ff627c5195,9:47 PM,$14.60,Puce,0,L,used
False,7bcf522a75635bfc91492242c26567d18ec7a69b,8:08 PM,$17.83,Indigo,0,S,Never Worn
False,035a11f292d27ad679867f38661f5962a9f93da2,8:57 AM,$13.89,Red,0,S,Used
False,b3094936b9d89a51554ce53c31235e1f56c02be6,7:27 PM,$6.01,Red,0,2XL,used
False,bd1633d0fc654576e9b55930b91ebad5fc675699,12:15 PM,$12.43,Orange,0,M,used
False,89f735060131db51a020424065ee181210eb2d8b,12:30 PM,$13.41,Pink,0,L,used
False,936aa6a7c6b6213e907716d90a0882e01324d0c2,6:07 AM,$18.04,Aquamarine,0,XS,used
False,4da77d0e95838e7fa768f7e3c8bdcb7c58f0f8ac,12:07 AM,$10.74,Crimson,0,2XL,never worn
False,c3c4b0a543e9eaa457e124c998c6fed5d641a973,10:20 AM,$9.85,Yellow,0,S,used
False,a9b3b134ec656352b97cffaa8e38484da3f5b6a1,9:31 PM,$5.45,Khaki,0,M,Used
False,a099d39f3a71aa1d1831659653d35fad955a95b1,11:44 PM,$6.87,Maroon,0,L,used
False,1fe10d2e03e4c416c43e43bbc4171db7107afa6e,2:33 PM,$3.53,Yellow,0,S,
False,20b7faef23c8d7b89215e671f12474bf930f98f7,1:18 AM,$4.31,Aquamarine,0,XS,Never Worn
False,52c057a807e4e48593fbe45eae87c7934137f92d,4:29 PM,$11.49,Orange,0,S,used
False,abce8ee607cedfd847f73664698c57bdb730cb88,12:42 PM,$7.42,Yellow,0,XS,used
False,b34f2e4f7dee4837c3d535d9231eabea53f44e0a,10:08 AM,$4.65,Turquoise,0,2XL,Never Worn
False,6a1bf875202ffed4845375ff6063bef16ad6c2c5,9:05 AM,$16.95,Indigo,0,M,used
False,ea36bd17eefc19c843ddf43f0824fe132dc2d260,11:02 PM,$17.40,Crimson,0,2XL,used
False,a391be31b3ab065382da1345794e5d977030cb52,1:46 AM,$7.66,Pink,0,L,Used
False,6b818afa9dda670562952afcfe0e4f9d5c9faf65,8:14 PM,$7.33,Khaki,0,L,used
False,8a19cd2ecf0b3bec38c3c3d06105609ab154f505,5:28 AM,$13.49,Green,0,XS,never worn
False,5662e060c0b08432f09ff683cf048e36709c0f88,10:29 AM,$2.73,Goldenrod,0,3XL,used
False,45fe27fd6f852e23c83bf8c21367d9ac7f7a035c,2:45 AM,$3.53,Yellow,0,S,used
False,27fdec36a19144738a252e04e24902d339032068,12:44 PM,$10.14,Maroon,0,2XL,used
False,3dc940e8ef9f17f09faa3ab37bbbf2c4e1a093d7,1:30 AM,$9.10,Aquamarine,0,L,used
False,4ade7eecaeece504a03214511f610f7e7e4c2fa8,10:03 AM,$16.75,Yellow,0,3XL,used
False,a0fc4635176304a7b9050787696cada135d738ee,7:34 PM,$15.95,Red,0,S,Never Worn
False,695b95149b00e0b70d61fb99cf611027d753dcc6,9:19 AM,$3.53,Khaki,0,L,Never Worn
False,c492419145584e3cd452dbd529b2c6a9e6aaa24a,12:29 PM,$12.83,Maroon,0,XS,Never Worn
False,eae5236c4d00d36aa018c9d5b18954ca0174f832,6:12 PM,$14.19,Green,0,2XL,
False,ae10a7672152c1a4e39b9b805d8fb445aa6b210d,12:37 AM,$10.55,Fuscia,0,S,
False,9eeeccb1d8e1462549ab4710cf6640203fb77c29,2:25 AM,$7.67,Violet,0,3XL,Never Worn
False,f6001ef30166e3d6908f87b534722fd16fd2f476,11:54 PM,$16.58,Orange,0,XS,used
False,58dbac12e9d4795c0dbe6f626d9e7931e03502cd,1:07 AM,$13.97,Pink,0,M,used
False,6a7d10498b9426fa029c3d0ba07ce5a6a0aaec1b,2:23 AM,$13.98,Khaki,0,L,used
False,469492abb5af1eed4142fa3cc3fa1370c1b6b73b,11:05 PM,$6.79,Goldenrod,0,3XL,used
False,c37cbd73a8c04816217b97df8eb958114f2b9b14,10:43 PM,$17.45,Khaki,0,M,Used
False,dc4b3ec189a6339a83195216da2989fac30f813f,6:34 PM,$10.76,Purple,0,3XL,used
False,60431b47416f9ba3274cef271ac2e3c7da528e55,5:55 PM,$9.20,Aquamarine,0,2XL,used
False,1e3caf8311392fd15f0baaa6c4e7940d76e9167b,1:55 AM,$9.97,Maroon,0,XS,
False,f0e03e6a2f0db30d557a0c10cc6c66c4313643ec,8:22 PM,$16.85,Crimson,0,M,used
False,a4a0622d5b1f86fb5c3bfe2bb6a14cc1db7cc29a,5:16 PM,$12.19,Teal,0,XL,used
False,b53fb77bd803891c7d4baf26024076b483d6ce3b,5:11 AM,$10.14,Aquamarine,0,L,Used
False,fa964b3e973ccdf6c46ab1443b653064687a53f2,10:16 PM,$14.55,Green,0,2XL,Never Worn
False,89e79bb7d5402617da7ef5a76e5a219613629468,8:22 AM,$18.24,Mauv,0,M,Never Worn
False,6d42cad72a3556f333cec84a12bb0d10827a0df2,2:40 PM,$18.52,Turquoise,0,2XL,Never Worn
False,d3faf90b49a599b467994a75936135e22618151e,6:33 AM,$15.39,Pink,0,S,
False,316a671e0b5c1db26a078c965bb4c30a5eb38913,4:16 PM,$16.35,Yellow,0,2XL,
False,da16ab0775036f3d70656e336eafa48ead8dab64,2:09 AM,$11.81,Maroon,0,3XL,Used
False,489211f591941cd394b5454e85341ce3e91856a0,11:55 PM,$15.15,Mauv,0,3XL,Never Worn
False,11a7d18e7c0016ef20110a0a6964be46ac35d42c,6:42 PM,$10.43,Yellow,0,XS,used
False,738a58362bf5059e160636cefe861c86f2d07c79,9:43 PM,$5.65,Purple,0,XL,Never Worn
False,a4157a243f3587c8621b2aee1700d7110ffe945c,11:30 AM,$3.92,Fuscia,0,2XL,Never Worn
False,b771df7b77dafd057f060a987d678e79ed79e587,7:47 AM,$6.26,Yellow,0,3XL,used
False,52cee5a5d9e023c3d8fab0561b0324a1ccf05602,10:12 PM,$3.91,Goldenrod,0,3XL,used
False,50c0a6b318a8d57f58696b58131d45bd551b596b,7:34 AM,$3.45,Khaki,0,XS,used
False,7e0afff8db431c61247f1bdb6162ce5bd28b441f,10:10 PM,$7.31,Crimson,0,3XL,used
False,da0dfa72e7649033122180cedd291589b06fe775,7:35 AM,$6.63,Khaki,0,M,used
False,e95c03a88ca5ad9eaee13591cac7898b4e143ffe,6:32 AM,$17.44,Maroon,0,M,
False,4c892ee5a84662e3306f936df532752e6b16dc21,2:44 PM,$3.03,Indigo,0,2XL,never worn
False,5fb07afcf1f9d1c6c32d9c07b2ef97cb0447a2cc,3:25 AM,$17.98,Teal,0,S,Never Worn
False,42ebde0d053916a0da0c05b3ce3112a3e62855bd,11:18 PM,$5.59,Indigo,0,XS,used
False,d5f8627244fa1f497b4df422c87a321118ff9852,3:30 AM,$16.45,Pink,0,3XL,used
False,095028725a9510bdc693ac7c4107fe859dd65ddf,2:03 PM,$2.90,Maroon,0,S,used
False,41cc1175643a510f1d98a18fef8eab55d1a588ac,1:07 AM,$9.03,Turquoise,0,3XL,used
False,9173cfd358b4b0823a0cbf5f8b598149cbbbe01a,12:13 PM,$6.63,Teal,0,XL,Never Worn
False,a8767f606a7fe5aeb6d70afed9a46e6f9fd1558d,7:02 AM,$2.08,Mauv,0,XS,used
False,40287b881cd0db97c12a9c4c3175e676fb8946f6,5:44 PM,$18.69,Red,0,M,
False,0c577a7e708a8c1f2c0b420d01df9b860cedcec0,10:00 AM,$17.85,Violet,0,2XL,used
False,6493fc56895442e7e01c2c27d9239916d38a2196,3:05 PM,$18.10,Crimson,0,3XL,Never Worn
False,0d0a5cd3b002c734af97b30e951c9d9d7d5ad7b8,7:42 PM,$15.18,Red,0,2XL,
False,b6e24f22b43bd8a8abd4ffba08e9cbb9a418d013,4:08 PM,$10.27,Turquoise,0,XL,used
False,7277ef389a87f0965d5994ba90760d74a05291f0,1:25 AM,$12.89,Aquamarine,0,S,
False,d87b3b6068d914c975b99b3aee7fa6b82b7a70ef,2:23 AM,$10.87,Pink,0,XL,Never Worn
False,baa96d415bae3d6bc8a568c620b03f1e26018af5,12:56 AM,$8.02,Goldenrod,0,S,
False,116541486aa5bc8be638b349c63098a24069eb1b,6:00 PM,$5.17,Blue,0,XL,used
False,cff8293eb61dbe23a0dab057112f4f0416fa07d5,11:16 PM,$8.41,Orange,0,M,used
False,893f65207f84ffc7ce183f97591c0772b8eb4d4a,11:53 PM,$14.23,Red,0,XS,
False,454104e3f0c4d283dbd2c4d99a30bfe314cc870b,9:00 PM,$13.67,Crimson,0,XL,used
False,a4d17be3c34ff69715ea51d6458e70e8695bff37,12:28 AM,$2.36,Turquoise,0,XS,Never Worn
False,8f981815e78ca520c2544cc230fc0126b94b0b44,1:37 AM,$14.60,Turquoise,0,S,used
False,71244a4afdcc32e70821b65a99dc4a954289c39f,6:14 AM,$6.37,Khaki,0,XS,
False,9a4d5019ae50ced914513b5bc8aab815a03e0bb5,12:27 PM,$7.96,Yellow,0,M,Used
False,e96977611f085bbe0f8ef0289117a1af0bd84917,9:09 PM,$18.92,Pink,0,M,used
False,5ac34619084aa1a205029c3852b465dac1f11d40,11:12 AM,$11.91,Turquoise,0,M,
False,bab76ec3154a09266d6e4f09110a89a74ff046af,7:57 PM,$4.12,Goldenrod,0,M,Never Worn
False,7eaae9d021313d0798ad0b6514eef632863e80d5,10:29 AM,$5.07,Crimson,0,S,Never Worn
False,3fd2cb448a812fed1b51736e77952ba034b3322d,7:04 AM,$6.95,Teal,0,3XL,
False,c405b7a2cbc16d830d66d846b4b2e2da858211cd,8:00 PM,$12.08,Green,0,M,used
False,1bb3f26a1b96aba620c5b205e22e149e9abe8f70,1:07 PM,$4.45,Red,0,L,used
False,424b83203d57bf7396973f074cd1e823bb83f359,8:06 PM,$18.17,Aquamarine,0,M,never worn
False,e64c1e3d99a6623208cb50eb254fa5a3aade0c6d,10:20 PM,$7.46,Pink,0,S,Used
False,f9e0a1583f4292494420351ab9def217a5d5ab09,5:28 AM,$8.55,Maroon,0,M,used
False,ef1cb7537e11b9a79c4b6a2720f808993bc25b57,1:12 AM,$17.90,Fuscia,0,XL,used
False,f762a7001f59aa88e56cee592cb8f90397459b5a,6:47 PM,$15.82,Fuscia,0,L,
False,d2df79bf3847a858d667a230f8088b2027a755da,12:20 AM,$7.17,Indigo,0,S,used
False,f071673513fba352de08423046c6f866df35300d,9:41 AM,$18.34,Khaki,0,S,Never Worn
False,2732544ef78b7bcd03d661ca51e6645cd0cc6510,3:18 PM,$9.54,Violet,0,L,used
False,3b002d9978a3596752f35d4552a624e20a2c2a26,1:09 AM,$17.42,Yellow,0,L,used
False,be4f345f53c9f20f34369017680da6a15be4db43,5:14 PM,$3.69,Maroon,0,XS,used
False,162819b5723d170da921dd9378c0c6130d0f7ce1,11:15 PM,$17.05,Indigo,0,L,Used
False,903065c01e039a8994d28f313c2e3ee7c995a711,9:41 PM,$9.63,Green,0,3XL,Never Worn
False,f7248b5589d964771394b40791270908330088e2,6:39 AM,$16.95,Violet,0,S,Never Worn
False,b1af67bdf0f238eec89b6370f4c745c08b2a4df7,9:22 AM,$15.63,Teal,0,2XL,used
False,f00e1cc2502963b1c7b1296709ed541b97e61121,10:21 PM,$16.44,Crimson,0,M,used
False,d9346ea9ff0733e260c4dd65bac59d6a4b950c97,11:16 AM,$12.69,Crimson,0,M,used
False,c5471841c2633ce2d7800e81a31ded7a27f3deef,9:17 PM,$11.06,Blue,0,M,Never Worn
False,a293f8b466092474a2e66dddd16ae0469b83e298,3:59 AM,$7.44,Mauv,0,2XL,used
False,7389e4ab967c4abb54badc1458e3234e04a1c944,1:58 AM,$12.82,Green,0,S,
False,11f33a56245b22aba427585e888bcc133356f843,3:19 AM,$8.14,Maroon,0,XS,Never Worn
False,ee7ef2e55586babb4cfcf9c61991e6a7dd105de6,11:12 PM,$2.07,Pink,0,2XL,
False,7a5939ef4817869114b4b64e92ff55812bbe9fc1,7:48 PM,$2.54,Violet,0,M,used
False,a4e7dd5cb4dd7278c9a53e0690705769594c8190,4:47 AM,$8.46,Turquoise,0,2XL,
False,cda3e3b9b7fb2183856978b4994e26a7e3bc3442,7:19 PM,$16.11,Maroon,0,M,used
False,2ed856e7090e3120461bf94c99c3c6401c31ec29,1:36 AM,$12.57,Blue,0,XS,used
False,fd882ad5fb5e270aabc54624df0111cc1797a285,5:42 AM,$6.27,Khaki,0,M,used
False,24f245394956cbd07f809a245b3322b5eb98e21d,6:29 AM,$18.62,Mauv,0,L,used
False,09a0036943e37c5195e87d28977b32d05699bf43,9:45 PM,$6.34,Blue,0,3XL,used
False,a63e3b2ccfddf0e0fed4f30953e6fda10c469730,1:05 PM,$2.79,Orange,0,XS,used
False,56b0ef31ec2cdabda2a0cf69ebf568fa164fee1c,7:26 AM,$10.91,Puce,0,3XL,
False,51e96dfc688b8e4ff29fa23332abd8c8ac5e8e64,8:47 AM,$15.46,Yellow,0,L,used
False,6e0200cb4b962315dc51b92813915a959324a0ad,9:32 AM,$11.43,Violet,0,3XL,Used
False,6fab03367ed0311cafccc43a80c0d7b1992b70e0,1:47 AM,$6.37,Maroon,0,3XL,used
False,6a5a8094673fcb53db5a368a8974ae8887d1701e,10:30 PM,$10.76,Aquamarine,0,3XL,Never Worn
False,46bd6ac2a2863b644b90cf777011be8f69713d0c,5:03 AM,$17.32,Orange,0,3XL,used
False,387877f1226e62044376c3a2799ad2984d5d95f8,6:57 PM,$13.66,Red,0,2XL,used
False,33471725752412100d1007e568e61b7800a01c32,4:30 AM,$9.27,Yellow,0,2XL,used
False,743e04195fd8cf0f503f8ef58b1bcc637daeed62,1:46 PM,$16.94,Violet,0,XL,
False,fbdc104aa64d171d8ca6727d55a887fde520e1ba,10:58 AM,$14.92,Red,0,M,Never Worn
False,2ab60aa46c3b7ba6a4a4bb3a8a62cf8046e56b4e,6:14 PM,$10.49,Maroon,0,M,Never Worn
False,12b2a354a94e38da0fcd73c2411dea3e5f348486,7:52 AM,$7.72,Fuscia,0,XS,used
False,d762590e73025b8241d9675923672299f54bcaa5,7:22 PM,$2.39,Violet,0,S,used
False,b7fde15b90d458d5f34ceab8af489738545ad7d7,6:22 PM,$17.06,Aquamarine,0,2XL,used
False,c12674c569b3d279eb5bf9fd2329179c28e594b3,2:47 PM,$7.53,Khaki,0,M,Never Worn
False,078dc9b4e502c4905781044ec81e41c217a41c0e,10:24 AM,$15.82,Mauv,0,XS,Never Worn
False,197c184f3d4edbc8685b37669d1a866e1a82a5aa,7:16 AM,$5.73,Mauv,0,3XL,never worn
False,64d95a18b18bbd1b84bf335fcdb0361e5f6c1c0d,1:39 PM,$15.61,Indigo,0,L,used
False,daa8e30c80f2a9e751869ef2ebfeaa835ed733d4,12:37 PM,$13.04,Crimson,0,S,never worn
False,45b110bb74c451778933b50cf0b681f46afb32e2,6:46 AM,$3.01,Pink,0,XL,used
False,6ba23c3082bb11b7bdef3cd2b9a569e7cf010ec2,9:31 AM,$2.52,Yellow,0,M,used
False,8682e5ba458847440732f622959b1a756685a476,12:18 PM,$11.83,Aquamarine,0,S,never worn
False,ba87022b1b8528716337e51cc0b3aa0788409f87,11:08 PM,$13.37,Crimson,0,XS,used
False,e33f810b979d7b1959170eb8a4bc5216ec8f0552,3:24 PM,$10.53,Blue,0,L,used
False,bc022db89518db42132acb0cb8598e594b863ac8,9:44 PM,$17.31,Blue,0,XS,used
False,304a67d7822d758b2acfe6aeb4f1c823d7f207f9,12:59 AM,$10.84,Red,0,L,
False,158ac1a55289bdc12b713cc7cc3fb7209b761269,6:17 AM,$11.53,Maroon,0,XS,used
False,7435602adbd7de7a7caab6bcc3c39e1b71bd2a13,6:54 PM,$4.31,Khaki,0,2XL,never worn
False,05f18cdeeb7c5287651f7a7e0cc9016306de7429,10:13 AM,$18.67,Crimson,0,XL,
False,617e286700ec201bacd170e23e38862f77383623,1:14 AM,$13.84,Pink,0,3XL,used
False,f711929cec2d002d2194d9d537f7765ad34d3a5a,2:30 AM,$8.55,Aquamarine,0,L,Never Worn
False,5ae77ccd4ece68eea457caf639c681797c41e964,2:27 AM,$7.42,Orange,0,XL,used
False,60aaa8c4620a4796410aa225d6e800ea12b8303a,12:20 AM,$5.54,Turquoise,0,S,used
False,fb3eced18178d5c14b62a76b8239f97cbba21c40,9:45 PM,$10.39,Puce,0,XS,Used
False,51c0ccdb4c5645fb58225277a1365dbed81f41d5,5:13 PM,$17.94,Goldenrod,0,XL,used
False,1b846dbaab2047ed5d79b50f288f4a9f22107b1b,6:52 PM,$18.80,Red,0,2XL,Used
False,c7eaee4ee7d754d2b99912e1cd8d9f98d053ffd3,2:02 AM,$14.84,Khaki,0,2XL,used
False,eabb8c725fc2ebeb07bcb6c8293811c6030a472c,8:21 AM,$8.99,Yellow,0,M,Never Worn
False,ae5cbe7aeb24b895db15a6f3d220a0ad8656ef1f,12:14 AM,$14.52,Goldenrod,0,XS,used
False,3ff8c93923f40b0f4cd3a6880bfda3869cfde16a,1:27 AM,$10.56,Goldenrod,0,L,used
False,ca3e7e4e47da280aa269d4cb733669d71900bd2b,2:59 PM,$12.64,Fuscia,0,XS,used
False,45bbe3f0e1fcb2a1c9d0ebd676dda14cfb528951,3:20 AM,$15.72,Green,0,3XL,
False,c2c33c95cedc27e0e7e451cf212c0c41932234b7,10:26 AM,$18.84,Red,0,XS,Used
False,bf992454dfc1c3a49dec902dbc0250cf4ea3b389,12:22 AM,$2.53,Teal,0,3XL,used
False,1ebcf08b6f92bb5b9bc304dd81cc9aca5750a081,2:08 AM,$12.16,Yellow,0,L,used
False,b2e8059801db3426d6a6bbfdfd17bcec410058e9,12:36 PM,$14.49,Teal,0,L,
False,bca5dd555b7b1c58ce553c66cdf4e9ca95b20ad4,12:51 PM,$3.84,Green,0,2XL,Never Worn
False,ab4056c61ab9ea956581dc6c7347989cdd029c43,3:32 AM,$7.86,Orange,0,3XL,
False,2ce5ce51b248204763fe34f43d466d3aae0a764c,7:41 PM,$16.35,Purple,0,XL,never worn
False,cd869711533f06930b5cf6b3142adbf94f3ff6b6,2:31 AM,$3.79,Indigo,0,XL,used
False,1ef08fdbc2119e1c7df93d1bc13827530501c141,1:59 AM,$12.10,Indigo,0,XL,used
False,b3e763ee2cd168b0783cef29614981f7aecb0e31,2:11 AM,$14.58,Pink,0,S,used
False,8877f1594b0dfed7f4562bd5b17eccde86ab06f5,3:45 PM,$4.36,Orange,0,2XL,used
False,cd9f65d1087165dc850b635570854e62855afc12,5:47 PM,$6.17,Puce,0,2XL,used
False,6f0bf69568783ac7bbd6a4dd55ad01a22e19faef,9:38 AM,$11.18,Crimson,0,XS,Never Worn
False,455e32c014a8aca5f1b146f28fa0b768885f36b1,9:48 AM,$5.79,Yellow,0,XL,used
False,24b26ac79ffc332c34ef8154eb3559240391d793,11:44 AM,$17.29,Goldenrod,0,2XL,
False,0fab96f44eb1a427762349e99f471aaed243586c,9:31 AM,$3.19,Aquamarine,0,3XL,used
False,335dd849f447c11fe8ca88f8a2f967b73df346cd,4:18 PM,$3.05,Green,0,XS,used
False,6b6b1d69ed359d1c93106a884803123322fe42e1,10:02 PM,$12.51,Red,0,L,Never Worn
False,786e40651458f2eef9c5aed0ff863b5c62cdfb49,7:06 AM,$8.43,Pink,0,XS,
False,aa089ce73c14599ac0292cd96e6e98111eae6528,4:11 PM,$17.20,Red,0,L,used
False,72e766bcbcfe07c2143a83e444833fdd91ab9330,1:08 AM,$8.61,Blue,0,S,used
False,8e1edf9de5ed5524912128e56dbf95eadab9e96d,12:08 PM,$8.68,Yellow,0,XL,used
False,336686259e5b99224266394370e147ddfd824b01,8:47 AM,$18.77,Puce,0,2XL,used
False,0a1c993c5b3f021cf5119c0253b7d6fac7876662,7:32 AM,$3.95,Purple,0,2XL,used
False,eac317fe3a1aaa3e856efabef813e1e699d60416,5:21 PM,$13.29,Fuscia,0,2XL,used
False,d7d6949c44c00946a247f21c7f32343b4214480e,2:53 PM,$8.14,Indigo,0,S,
False,a80f23a1eb65ea94df66fac2d9463c4451bb84e4,5:31 PM,$8.23,Aquamarine,0,XL,used
False,7d2a242770a47bc7dadd0e99d8eb6b6d45772b65,12:45 PM,$7.47,Maroon,0,XS,
False,ff7b249cf6111fb416be594033c8adfb700a185b,11:49 PM,$17.71,Fuscia,0,M,never worn
False,4a8a18784a510eda00a37d3e52619f63011fc7ac,4:39 AM,$9.93,Green,0,S,Never Worn
False,de0070112501e8321122dbfb6fb3035adf04bc42,1:38 AM,$10.91,Fuscia,0,S,used
False,dde1e779ccaa7e9988390b9a60cfb131a0bb0975,7:45 AM,$11.94,Red,0,S,used
False,6e4635fb65a0f3b488749d3c283f0488381d52b8,1:24 PM,$9.89,Purple,0,L,used
False,22220f787a8720567bff0a15763b12edc6883d71,7:59 PM,$18.60,Violet,0,M,used
False,f624f99f65b9391800126f1da74ca3fccfd06d28,11:00 PM,$3.55,Red,0,3XL,used
False,9f2ca8d8f68a4567cb4b9fbd2b68ba34af3bed79,1:06 PM,$3.65,Mauv,0,XL,used
False,5190676946118dae3ee35d809ce4107a4a06e726,11:17 PM,$2.35,Green,0,S,Used
False,4f93b054e1909d0a74dbce6df7859445e7da83be,7:47 AM,$3.89,Green,0,XS,used
False,5ae4b6417fc8bd582e8faa721a9d5e8b50e092bf,5:51 AM,$16.08,Pink,0,XL,Never Worn
False,f335be2873a9523c09e3868bd05ffe4dfa4481fb,11:23 AM,$3.34,Khaki,0,2XL,used
False,86410a6f6ef95ea2518a3d7d4d777f22aa574d1b,4:11 PM,$4.79,Turquoise,0,M,used
False,0606926cc82c7922700d282bce544e66f22e56f3,4:40 AM,$16.35,Fuscia,0,2XL,used
False,f344ba0e311cddb95b133302d1f401c9c24be13d,9:13 AM,$2.70,Crimson,0,XS,Never Worn
False,a34423b330ddb8d1be91cba6de857a389105039d,12:09 AM,$15.26,Teal,0,S,used
False,e8c408a25a2ce245ca80b4fced81f69c7001720e,10:47 PM,$5.98,Teal,0,XS,Never Worn
False,a9bedad9925f909bdcd53f432effbf8738834a1e,12:11 PM,$11.50,Turquoise,0,XS,used
False,addfc6875c5c6307cc0573f0f9d8865c71976370,3:25 AM,$16.27,Yellow,0,S,used
False,ce7983b6e3fefafa1c4068b450872ca70e5a483d,5:13 PM,$17.84,Maroon,0,M,never worn
False,9c2cbead89dc96ffbbad8f8c5e71d2066b1511b3,7:29 AM,$11.27,Red,0,XL,Used
False,0533a4688b16926bca08c590680b0411e60ec6df,4:05 AM,$5.00,Purple,0,2XL,used
False,755f8d149d450ddf83c7fb29b6bcbdf22aa122b6,8:04 PM,$8.93,Pink,0,2XL,used
False,5d5a2fc3fbf8a4caaf1070a6dc6be14d6f54d076,11:47 PM,$3.85,Red,0,L,used
False,02d2f7f5ef732af43a2ad3a49f4b1f5b3c38007a,11:36 AM,$6.92,Khaki,0,3XL,used
False,580d707d5ff7a8407b53eb44f911dd2dc22314a4,10:08 AM,$11.11,Mauv,0,XS,used
False,52656cfa3dc4d3c2dc5f44fe2275d17da492175e,10:26 PM,$4.15,Crimson,0,XS,
False,e873f412cd542069bc5abae6ef57271d138c8d35,5:47 PM,$15.59,Puce,0,XL,Never Worn
False,da806577e4c5769c89a8767c59043e0fbe59bdbe,7:53 AM,$5.52,Mauv,0,S,used
False,f9800cdf6e626f7b27b6bc53049bc7fe078b8464,8:22 AM,$4.54,Fuscia,0,XS,used
False,f8d47e338f7dd63b8fa87fe44b826290f3de5c9e,2:30 AM,$3.49,Indigo,0,S,used
False,55ab5a1b61c68e05a5ea6cb0f0f50a606d2551d1,9:31 PM,$14.85,Fuscia,0,XS,used
False,ba8134741137686de100a9ccd487254bb90b2a80,3:33 AM,$10.88,Aquamarine,0,XL,Never Worn
False,61d3d4fe429e9d9f28888d7c98c9cb06bf2cb3b1,3:33 PM,$4.26,Maroon,0,XL,
False,d52640786fd4ed483efcac89456c5fa2ed9627c3,10:50 PM,$18.02,Red,0,M,used
False,f4989f6c5b42e8ee9017c7bc74e91632857e0d2a,11:33 AM,$6.41,Aquamarine,0,S,used
False,cd4432def054a12452bb25d923e082a5707a791f,9:40 AM,$15.20,Puce,0,3XL,used
False,03275192cf139a5747263a5bf202b2c9b5a3f57e,5:04 AM,$14.87,Mauv,0,XS,used
False,4910da564e1d4ee5b167eaee067b9f804acb1f85,11:25 PM,$12.87,Fuscia,0,XL,Never Worn
False,5a95d87b4e18e478dbfcc76343578466e5238d61,8:08 PM,$6.43,Red,0,S,used
False,fd77f6cc232bd5e05e8da82933a04801112bc6e3,2:33 AM,$12.72,Khaki,0,S,used
False,f8b40887189782fa83cec3ede6cdc24e8ccdcf16,7:58 PM,$9.87,Maroon,0,3XL,used
False,f77e2e536dedc39b5b6e2d59ede4de19bf19393b,10:46 AM,$8.85,Aquamarine,0,3XL,Used
False,cac461dfac3c4b61e2b65820720cff203a9405e4,7:02 AM,$7.49,Indigo,0,XL,used
False,331acda7ff8ac138c78af691ecaa1ec8f25d5e6c,3:08 AM,$5.26,Teal,0,2XL,
False,9bb64244fbb0ec24c202044e344df904f85a5ea9,3:42 PM,$13.17,Purple,0,M,used
False,7cfbc738ad2ea8a3ab9e85c50a6588eeb67f5e56,6:07 AM,$17.87,Maroon,0,M,used
False,553ef44f87e938c39cdac10986d3f236a94dd412,1:49 PM,$6.99,Turquoise,0,S,never worn
False,3d68a95890f1ce606d810a654c53e3b52ede9c09,2:48 PM,$16.18,Puce,0,2XL,
False,530e8e1f4a572e9c07e14053063ecc0d2e18b978,3:15 AM,$8.21,Turquoise,0,3XL,Never Worn
False,fa6ac02cd158bfa525ac25fee4d2b63c4a595caf,1:37 AM,$16.26,Puce,0,L,Never Worn
False,cd629e20c2e7a9ceeb130f1ff82f3ddffa9c7ef0,2:32 PM,$6.22,Teal,0,M,used
False,52f5776762274a2cc4c8452b5361266609630b08,7:20 AM,$10.72,Violet,0,M,used
False,15ee0fe04a42a50463720cb799cb1e9609569af1,1:42 PM,$8.84,Purple,0,M,Used
False,c99778e0a4e2fa5ff8cebd2285f5b91dee1c660d,9:51 PM,$9.64,Violet,0,M,used
False,60cf29668a0bd1ae922247c34f21dd5ae81c5574,8:28 AM,$15.70,Pink,0,L,used
False,dc7dbf83684faf1d1166acf80ad918f5aa9681f7,11:54 PM,$16.85,Pink,0,M,used
False,7162188223e113f16db1bd7760cc2d82a521eed1,11:25 AM,$17.48,Aquamarine,0,XS,Used
False,d93cfdc3d943b58ecf311e7d45f394579738809b,11:24 AM,$16.11,Crimson,0,3XL,used
False,b6630e2900a384f5e0fcf83e000f006266bf2fac,12:16 AM,$18.52,Mauv,0,M,used
False,7f3a857444efeddf41a6c44ceccc6af9d1505d75,1:32 AM,$2.08,Aquamarine,0,XL,Never Worn
False,9896fc61b6d245aa081e2f87d50f0b02bf947423,7:19 AM,$16.19,Aquamarine,0,XS,Never Worn
False,bd4f0e56227a62f30375332e3fdc6fbcd3376c11,4:30 PM,$5.23,Purple,0,L,Used
False,7fac9fb2760712ba766bedaa48b621ae3ff8de91,1:43 PM,$15.81,Pink,0,2XL,Never Worn
True,ed51ebbe576546898c032abd7459696d74110882,2:43 AM,$14.89,,1,S,Never Worn
False,63f981f120bcf045cfa059c9fac43a9688254cf2,4:51 AM,$13.39,Fuscia,0,L,
False,ca3046b9ab6506e94050d0aed802d5708d2e1a95,10:36 AM,$14.67,Violet,0,2XL,Used
False,0bd2274cad7b8d32b5622db9bfcb308413797e8e,3:15 AM,$14.47,Green,0,XL,used
False,a0ce95aa7ff45ca442d2bccdce0f2944ef9d085f,3:46 PM,$8.03,Red,0,XL,never worn
False,8e840895448a7c82b9f679831e33154d059ece8d,4:27 PM,$8.36,Maroon,0,3XL,used
False,919ece4f1e7e90db18bccf9a7d1fcd4cebbb6797,2:04 AM,$5.07,Purple,0,XL,
False,ba1a8c0efaa92b8a2007176c0c5d4125c3cd95b2,10:40 PM,$13.61,Goldenrod,0,S,used
False,0e29332610ba3760bbdf323356e4f11d0880a8fe,5:32 AM,$9.52,Aquamarine,0,XS,used
False,927654143d3835bf5244f425a5b4f36544d7f405,7:40 PM,$7.79,Goldenrod,0,XS,Never Worn
False,c57f61dcedbb07f4c6030bc31aa3a8f4879f049b,2:31 AM,$2.92,Orange,0,3XL,
False,b700b1391244633442aa56c0f3f8b3e3df989e7f,1:45 AM,$17.69,Goldenrod,0,XS,Used
False,b6ce09e9b173a8d5f185c39925e4287b465e6253,4:56 AM,$8.50,Indigo,0,L,
False,eac9e2b127a8f87bb193d35942d5dff02504f1ab,4:31 AM,$11.94,Pink,0,M,
False,f99cfd325e87ba9fe7d9565a398bfa31fdc797a5,2:41 AM,$18.26,Orange,0,XL,used
False,e9a9aa1896ef145c6cf04b2d502e0dd9284b43bd,3:26 PM,$14.51,Crimson,0,XL,
False,e26d773fb3d90edfaa93fb02ae7bc5c566add275,9:19 PM,$9.69,Red,0,L,used
False,8e35389c05d0a92b4c56e964c15e820e9522ad71,12:28 PM,$5.23,Maroon,0,2XL,used
False,df31254be5f6561bd17fe22269ae5017a0c7bbcd,12:18 PM,$7.68,Maroon,0,S,used
False,9b3179c80ee58bdf39776ffeba6c4f272368b61c,7:29 PM,$9.58,Purple,0,XS,
False,0049fa3c0a36753f79785c0d9c97f44640fa52b2,12:11 AM,$11.58,Turquoise,0,2XL,used
False,85f8057b8ecce380f6d3b6eb8ca2464cab1dcf22,3:10 PM,$2.89,Blue,0,L,used
False,1f492fd3892a8e295867685bc256dd635cf74794,1:49 AM,$10.09,Mauv,0,M,Never Worn
False,8f79bf8122da99968b847ffe73868c59c1be4515,10:18 AM,$15.79,Orange,0,XL,used
False,a80c34b4ac37fb6cedb126eec34e1377c217a2df,10:47 PM,$18.60,Green,0,XL,used
False,cd9a7d1631cc290e185f6f36373ee0eeb5e0d68f,9:58 AM,$10.85,Pink,0,XL,used
False,52c4b7d97f6a9d278412795f362fa2a4e75969c7,11:33 PM,$5.79,Pink,0,3XL,used
True,7664dc7d698d6cec9aab852cfc4f8a3f244d932e,12:49 AM,$8.51,,1,XL,used
False,7813cee6b9926e1496e5c3bec638e919a9b823dd,12:00 PM,$4.84,Green,0,M,used
False,f504d70fb46fb48834e8eb1ad6896626995aaa95,4:55 AM,$3.01,Indigo,0,S,
False,2cf8d0781f188c8326dfead2efaf5f32816cafbe,2:58 AM,$18.88,Pink,0,2XL,used
False,63c94183e0e28b64d90adc2a2c517e07d6f5083a,4:32 PM,$17.95,Turquoise,0,S,never worn
False,e2cc76a8bbbbc370e42dbe0e138dab306b4b96b5,5:19 AM,$18.38,Yellow,0,3XL,used
False,7f85e297f956599ab22bfdfea5fe75e39f20743d,3:50 PM,$18.30,Orange,0,L,used
False,14b46bf5d69f534cf0f043a86d7ed59522c63c58,12:59 PM,$11.33,Goldenrod,0,3XL,used
False,7b90e01ef2a07604144b7b0ecdf634fc88b5b9dc,6:50 AM,$4.74,Fuscia,0,2XL,used
False,5bbf2bbf60890ad47c2a88f2e4e5986514f09d46,4:41 PM,$12.75,Yellow,0,3XL,never worn
False,1db82024232a3d9a98b211513e27609a972cd30f,2:46 PM,$17.01,Goldenrod,0,2XL,used
False,fb9ff8fd29ed9a47ed4883f208bcdf1d9c081456,10:35 PM,$13.23,Red,0,2XL,used
False,68174ce1fad6c5ba65194666453e3bf14c29ec63,2:05 AM,$17.80,Fuscia,0,XS,used
False,933ed143d7f5fe9122d9a6e66b589b700c06f1dd,1:42 AM,$3.54,Puce,0,M,
False,738e30f26870d1e79443d606bdd004ec313f2d63,8:18 AM,$17.61,Khaki,0,2XL,
False,c42ab380c8a8439b83dc5b920ad896172cbc3747,11:53 PM,$2.40,Indigo,0,3XL,Never Worn
False,923d9aef6bd675e5ff65263b99f338958c4760fe,5:09 PM,$16.51,Purple,0,2XL,used
False,c2b472ebafa8c3a918412044bdfec3718a7fa5e6,4:37 AM,$5.67,Aquamarine,0,L,
False,5c4410749a7c898bc6b4c6d85fcc17e27195ac85,8:40 AM,$12.11,Goldenrod,0,L,used
False,ff683f6068bf27f76f006ef24237d2d4351cc926,8:02 AM,$6.05,Goldenrod,0,S,
False,30e33017b4fb091c5cc8b8d6200b3beb017dbbba,12:08 PM,$2.30,Turquoise,0,M,used
False,d417e182d62cfd71ae5f36f696ca5760f61d9361,4:09 PM,$3.88,Fuscia,0,XS,used
False,e71d3024ebb5b094b30e42e08ca0f351dc461346,12:39 PM,$6.02,Turquoise,0,S,
False,4f661ca84136da395d3acd0d014383cbcf68c2db,2:45 PM,$9.52,Orange,0,XS,Never Worn
False,83940650a32d52f6e3b415d99ed4d2938a480a47,1:05 AM,$18.51,Pink,0,3XL,used
False,ec9c5491269865820996f0f5ae40e3d19ebed6e2,2:43 AM,$18.45,Orange,0,S,used
False,2c52ca661bc886b8cfe5057667bf27cb96909230,9:37 PM,$16.90,Pink,0,S,Never Worn
False,b311b28cdda6fac33b9a3bba65b38f70e8b0b941,9:32 PM,$11.20,Turquoise,0,M,
False,f135fce4dac9749f8949781597b8046959d9fd0b,2:36 PM,$2.76,Aquamarine,0,XS,
False,01f4e8ff708a7f848be3ade2975b7308ce6f51de,12:38 PM,$2.93,Mauv,0,XL,
False,1c73f2c910e8f0fc84bbd52d27929a3659df06d6,12:10 AM,$13.30,Indigo,0,S,used
False,77961c85b01097ab15ce57aacbffa1a0abad9731,11:17 AM,$19.00,Orange,0,3XL,used
False,a35adb877852e0cba185431ae892b68872e586e2,2:43 PM,$18.54,Indigo,0,XL,used
False,4cf52c96f4c3ac29b4ac82e9be9851917752e7b4,4:56 AM,$6.86,Violet,0,M,used
False,0c1c5ca0a1348aa2a0bb2dcb9543d3479e6eec40,1:51 PM,$7.02,Mauv,0,XL,used
False,050caef8421e06795410c573392707c9763a70d7,11:07 AM,$16.19,Violet,0,L,
False,6f32093388a488851fc54d08018c2acad43322c1,5:17 AM,$8.02,Fuscia,0,L,used
False,5bad3b446067b0d66544cff7830d9a0a871586e6,12:04 PM,$5.65,Turquoise,0,3XL,
False,71fdf024c901ada32f8a97fc0333f3b67f1d62a4,11:09 AM,$3.38,Purple,0,XS,used
True,d3e92961da6a509ac77e4d1afad430abb659aa55,10:46 PM,$18.03,,1,S,used
False,80ae60e5b94014ac5e122213078c7efe0e2dae53,4:04 PM,$3.44,Pink,0,XS,Never Worn
False,99775377941c22b1f699c31be9798680046164db,5:03 PM,$12.18,Maroon,0,XS,used
False,56896110ec843cd94aa857bc2a0bc5bed83806e3,9:37 PM,$10.50,Maroon,0,M,used
False,fe8d5a8753db2b18d3790210a719b23bbb5cdab7,5:47 AM,$18.10,Turquoise,0,XL,used
False,02df009bd7357b2974bb4240ea425d827b1642d7,4:04 AM,$8.63,Aquamarine,0,XS,Never Worn
False,e331bb764fa7d9765aa35dd479042d944f2580da,4:55 PM,$18.13,Blue,0,3XL,Never Worn
True,a71ede63480dae26b9609c2ebd6815bf6c300a7a,4:45 AM,$7.65,,1,2XL,Used
False,9e69c160455fc82adf8595a4718191c7ebf7b292,1:22 PM,$17.74,Fuscia,0,M,Never Worn
False,60921c03adf95d52588f1921833462318e3e74d4,4:22 AM,$16.16,Violet,0,S,Used
False,b5be0f502427a232865ca4587bb560790c63ea1d,11:16 PM,$3.74,Yellow,0,2XL,never worn
False,fc43482c53d39b86bc7a87ffa17e6b04986625aa,10:14 AM,$8.26,Mauv,0,XS,used
False,8fd96de6c58cc5abb7b3f309f3b2a40a6034ddb4,9:23 PM,$14.85,Yellow,0,XL,used
False,7359e616e84b68a047acd31bbdbd5642f2096d6a,9:31 PM,$16.60,Goldenrod,0,2XL,used
False,2d41e59aa5c6b89a986bbf3835b5f3c2e96bb2ea,8:05 PM,$6.10,Aquamarine,0,M,used
False,4fd372321eac6a71fa752ef4032fc0d9bd143b6a,7:53 AM,$2.96,Aquamarine,0,M,
False,4b0287e99d22537d85a5c6f1d064c0ece24cb346,5:36 PM,$6.42,Puce,0,XL,
False,b2d266bc4b4f143bcfb085f3e1e60b74605f1169,9:35 AM,$13.80,Pink,0,L,used
False,8eae45c32c4045257f6cdae4f9f728408e22b795,3:39 AM,$11.87,Purple,0,XS,
False,da655ac6027d9d19a63281c34856414770fd8aea,6:29 PM,$11.35,Pink,0,3XL,used
False,53eb3200018f76764a80c2764ff0951f1ef8f84b,4:33 AM,$14.76,Maroon,0,S,Never Worn
False,141e2af6ebad5f6a8161ac100574c42d8228b0b9,6:01 AM,$3.69,Khaki,0,2XL,
False,da19dba96b3a064065f0fd56f91305c7a693019f,9:16 PM,$2.69,Blue,0,L,used
False,af676cb6099b874e6333d8f83f2498cecfb87e45,4:44 AM,$10.06,Pink,0,XS,used
False,a7fde9885ebf2c7569b5fe6e53e59e748561d559,4:12 PM,$3.87,Yellow,0,XL,Never Worn
False,b2de632107b3f0cefbaba938d500804387ed8a8e,8:34 AM,$6.66,Yellow,0,S,
False,05e1a07dac68ae93b6f576ed63b1678b6fe53ab7,3:52 AM,$18.66,Red,0,2XL,
False,a00bdf8be667d085cd858762ccf8265573e3e6f2,7:44 AM,$12.94,Goldenrod,0,L,used
False,87bde8fb7795e07659f653aacceac3bf9e8fc4be,8:54 AM,$12.00,Red,0,XL,used
True,f2cfccbb588250418b1708e00c8c3f87d07fe5f4,5:57 PM,$8.59,,1,XL,used
False,abda84044ddf354c4ef433bbf7d9b7fc2bed47f1,1:33 AM,$12.98,Goldenrod,0,M,used
False,04c970203a5a4a196db564a1af8356b7974c5823,9:57 PM,$2.38,Orange,0,XL,used
False,f510232a3e73bb36faceda019399a32bddfcbb53,9:37 AM,$5.57,Aquamarine,0,XS,Never Worn
False,da331810db83537e1fc8827a68fb938b4c6fc1b6,8:09 PM,$14.56,Pink,0,XS,used
False,f6e63c29dcf51fe77d0a2fb151ca2e3587267154,4:44 PM,$10.38,Blue,0,3XL,
False,efa69c3d56f736c1f317b1f4f90ab1e361550f12,4:02 PM,$11.82,Aquamarine,0,2XL,used
False,aa82247ada4cb3de69f89c84b3073028f43138d9,4:31 AM,$13.65,Crimson,0,XS,used
False,3080dd838c82f7d82c7bc8d9611025a6c00b2d6d,9:47 AM,$2.04,Khaki,0,XL,
False,71915d262827bf0c9af14390bbfd95636e43e587,3:26 PM,$13.25,Orange,0,XS,used
False,1e82d275a0520443cbadcc2540cca6818c908639,11:24 AM,$2.52,Violet,0,XL,never worn
False,44411cd4bec7180cf65911ee8e66ba3e7c701343,10:30 AM,$12.36,Crimson,0,2XL,used
False,463aa882226ac2e5793cf3538a45c6e62b776527,3:47 AM,$10.49,Mauv,0,S,
False,6d48f7d2924217f6fa660db48235a4c7a994a580,12:13 AM,$4.43,Maroon,0,XS,used
True,9ee8e84717d76f4696477e2456031c908a372b63,1:06 PM,$4.35,,1,2XL,Never Worn
False,956ac4df9f78bdfabb250fde4da88fa7bc405afb,12:16 AM,$4.71,Fuscia,0,XL,never worn
True,ea567f966ac0a602fc4b629e24d1b34b54a827eb,4:56 AM,$10.10,,1,XS,
False,38424ae782ced9b55511fdafd85f3cd2cbb3e676,7:21 PM,$8.98,Mauv,0,L,used
False,d72e7a6e7c1b3e1a2ff83ee26092b67fdb695172,6:52 PM,$9.56,Indigo,0,L,used
False,4b87b90cb15ea4c8725990c7923c491f995fc6bd,3:47 AM,$13.84,Mauv,0,M,Never Worn
False,9bd200e8da05c089dd37918cc67f9dbca88af18a,12:55 PM,$18.50,Khaki,0,XL,Never Worn
False,4007fb28feed655cf5ecebd79791eb90d31da3ec,9:53 AM,$18.51,Fuscia,0,L,used
False,1b7abec234d8dd7fa907ac22b67553300f384341,11:38 AM,$8.03,Blue,0,L,Used
False,61a267e79ec3adeb6594e4824a13333eab19b877,3:09 AM,$8.72,Orange,0,2XL,used
False,8952df1e396eb070f8b7596e4775a34de2fb9b70,3:14 PM,$11.60,Teal,0,S,used
False,6ddcfc6bd9b9fa932342d8b7e04466ac8e09d686,4:01 PM,$12.78,Violet,0,L,Never Worn
False,998db45695cb95137983e2d44819125d52ff27da,5:02 PM,$7.77,Aquamarine,0,S,never worn
False,6ee93ad6dd3e87ae1dc79c6a26f6b1044bd47f88,6:14 PM,$6.52,Puce,0,M,never worn
False,edd1bf60f050a62f58444928d37c830285801e02,7:14 AM,$5.96,Aquamarine,0,M,used
False,06fa362cb118a4a0dff3d75965bcc5fbad965c91,10:57 PM,$4.76,Violet,0,XS,used
False,3fe508a5e8c0d20f2793e80890be20d54839cc46,10:40 AM,$18.11,Fuscia,0,XS,used
False,58d0d1e885cbdfd68c78cee738d8d90c0f0572a2,1:40 AM,$11.71,Teal,0,S,used
False,d459d31774040ba3fa1e1f193e228be60d40c036,5:52 PM,$7.49,Turquoise,0,2XL,used
False,86308142e888897c670674326863dba99ae27965,5:37 AM,$17.66,Indigo,0,3XL,Never Worn
False,f949582ec70c335675bb6377922af16c939a93e3,2:02 PM,$15.48,Yellow,0,M,used
False,f42285b404acec362ff41b49048ae04608fa9f94,8:57 AM,$18.05,Orange,0,3XL,used
False,48712563b5e468b3eabaf2af6b077916a7418ec2,12:48 AM,$10.53,Yellow,0,3XL,used
False,2f3285c441ce3c5823fea680e68513941fce7984,3:23 AM,$4.04,Blue,0,XL,used
False,597b9c401ae526e0b49e7ccd4cbde3efdad4c3cf,4:17 AM,$8.21,Violet,0,S,used
False,9361604a566c7214ab323a78beec2947a73706aa,9:59 PM,$15.03,Blue,0,XS,used
True,fa6da08c98c4ce2866b1408587c61a8120756526,6:16 PM,$14.37,,1,M,used
False,2fa52474eeaa598e8559ea44b58e6a85f202c9c3,5:08 PM,$8.11,Indigo,0,L,Never Worn
False,edf7f4048ecd8f2feb642585d3870dc700f739e2,8:01 AM,$11.64,Fuscia,0,2XL,used
False,d1f3336ad287abc8169421f74eb3acbb39d89ba0,11:21 AM,$5.42,Maroon,0,XL,Never Worn
False,f90a320f8f13bfe3d87f1a77989a546fe299cde3,1:24 AM,$7.23,Yellow,0,S,used
False,efa224eb77806b8b8559a2f7abfbe6a7dea57715,11:18 AM,$3.65,Mauv,0,XL,
False,9e9f3faeb8b4d47040ea9da69778cd2df6ff83cc,11:25 AM,$3.53,Yellow,0,M,used
False,c1edcc395a8c84a67cafdf17f84b7a574e37143f,3:36 PM,$12.10,Red,0,XL,used
False,fafc68197b7e85dfdf505a380a4a169ed5ff93b3,12:38 PM,$6.10,Violet,0,XS,used
False,60210bd83076e630148658de7cee000205c3c084,3:25 AM,$8.78,Orange,0,M,used
False,b7e2242ddab25aa873521bb8ac6c885bdaad6236,1:33 PM,$8.86,Mauv,0,3XL,used
False,9b811cafcad0e4a164b38f158397bbddf03b4341,11:46 AM,$8.72,Fuscia,0,S,
False,e316b2068482adf76c648a91712d9b32ffd087c4,10:34 AM,$2.05,Pink,0,3XL,used
False,ce89d90b405227a425e5aa53b68ea7e2c23a5101,1:35 PM,$15.61,Purple,0,M,
False,d6f9d29bff6ccd2aa4b23bdde8c99ba05b718e5a,3:48 AM,$12.25,Aquamarine,0,L,
False,7061fb9dade71d476ffd8f2d6c483c6f1ec96f5f,6:49 AM,$8.41,Goldenrod,0,S,Never Worn
False,e17290092d0e81e111e88714bfd9ae925299922a,5:46 AM,$5.98,Red,0,L,used
False,01d633cd097bead31687596d41f51356c48e852f,12:48 AM,$11.08,Crimson,0,M,used
False,ceb847190d067eed7fce0b4c5c0e1d6abb656e3e,1:16 AM,$16.48,Green,0,3XL,
False,95ba116a965490bd9985a2db039e3b9a31e03fb1,1:53 PM,$11.48,Puce,0,XL,used
False,7efb67739ef99ec3dbf7edc8f2c057bf665d9cbf,9:05 PM,$12.51,Red,0,3XL,Never Worn
False,943710e75abe3112b24e08510631199a4de29b1e,7:17 AM,$14.64,Khaki,0,3XL,Never Worn
False,2843bb95f5077592e111efa92c374b79ff6d2704,8:27 PM,$3.18,Pink,0,L,
False,6ba74bb3fd1bc8343cfc192a46d3b85df9c18148,12:40 PM,$14.09,Pink,0,L,
False,442eb3fd12f11df6ac6048250b16e1fe0d0563b6,6:14 PM,$16.31,Yellow,0,XL,Never Worn
False,bf69fce1e7266da758a363d4017c7347d5a095b3,6:39 AM,$7.95,Indigo,0,2XL,used
False,4665fa48b24ec204c838c8faa74a3eb0329ed10a,8:53 AM,$8.45,Green,0,2XL,Used
False,31672c5bfc21a35e34424130fe1199bf174ac02b,4:25 PM,$4.29,Teal,0,L,Never Worn
False,87ac84ea4765b1d80fd2ff3f7ff82a49a7febf6e,3:00 PM,$10.11,Green,0,2XL,never worn
False,f8fef10d0ee18908c14f63e14b8bc6cc44d716d9,1:36 AM,$15.78,Violet,0,XS,Never Worn
False,ae0642ec8bdc4f380f1f3b88bfe8b3f96bbbdb4b,5:31 PM,$4.51,Turquoise,0,S,used
False,4529330a5ee399b08b44645fb4403b4057984578,1:13 AM,$10.19,Blue,0,3XL,used
False,fd4f5a4a9c36e422658a8f4fb50a5bd22587e114,3:22 PM,$14.53,Aquamarine,0,XL,used
False,ebc9192863c0d0234571f6aaccefd29ee8eb3ce0,8:33 PM,$16.68,Green,0,M,used
False,be0c666341863f7834ac798bc8886d4801168c38,11:46 PM,$5.67,Violet,0,XS,
False,1fb36f40a887db9146438dbb39b2492dd340286f,7:59 AM,$6.60,Indigo,0,2XL,Used
True,d7342689dc51b9bbf9442882a93c97e6ac2e7634,9:59 PM,$14.98,,1,XL,Never Worn
False,de5fc8bc60292f7c5145be298e03467b822fe9b5,4:36 AM,$17.63,Violet,0,XS,used
False,09fa660bda0bb187ed073fa67f4af9e71f37396a,6:18 AM,$16.01,Orange,0,XS,Used
False,a72e2986f1c89a70d0c2f9fa67ed2dd17fcfb950,6:31 PM,$4.92,Blue,0,XL,used
False,c96723da73ddc440ad6c828f2333e9e440243541,7:00 PM,$16.27,Purple,0,XS,used
False,f794047fb4fe5f1c3fb02955700f7419f30b9785,6:01 PM,$6.58,Crimson,0,M,used
False,a45b2c39ad33c56503336024dc05aeb94e1fbf9c,8:20 PM,$11.38,Aquamarine,0,XL,used
False,47ab6ff3af75209db3e2750fe5ff0c8e978543e4,3:52 PM,$6.00,Aquamarine,0,XL,used
False,61e394cc9013e0e07b4ab30dc3224dd051281c1d,11:50 PM,$8.77,Mauv,0,S,used
False,d02e95d5b033c2342b73be11c4a6f334014d4b1e,2:11 AM,$7.02,Turquoise,0,M,used
False,157d447ea885d8f76841fada2846d27d9ffe4e85,4:27 PM,$5.62,Orange,0,3XL,used
False,57c07bd8dbb6aa87a852d2826a4bd457a263df9f,8:30 AM,$14.96,Maroon,0,M,used
False,a2add72c6c41032907a5dac5cd9df7167a1f0354,4:36 PM,$13.31,Mauv,0,M,Used
False,0725ab7cc4e07af88ad78ee3fa066da408cd3231,11:18 PM,$7.52,Goldenrod,0,L,used
False,116e3cfe5ecb4396984aa81bce6125b8f3944ad3,2:26 PM,$3.19,Goldenrod,0,XL,used
False,bf63ffff2d13e77bae40487a8c8595b8aa586fdc,7:17 AM,$18.63,Blue,0,M,Never Worn
False,0f2b6af24a36a9c2d0792988fae4d7809afed5a5,4:19 PM,$5.03,Maroon,0,S,used
False,634f8be3163d21f54622c5633212746e517a6f92,1:09 PM,$8.27,Indigo,0,L,
False,c61ce2146bdbfe7a13f5156ff5699ace48cffcc7,11:22 PM,$5.15,Khaki,0,2XL,used
False,dba918f0fa735020d51992a7b0f0ce067f9ad1cb,1:56 PM,$2.31,Mauv,0,XL,used
False,dab5c67fba662fa80def5e5bc0abf2bc78909029,3:55 AM,$14.58,Crimson,0,XL,
False,efe67f36c6015f1ccf27f7ba1548ad51f40c02dd,3:02 AM,$4.92,Orange,0,XL,used
False,5461a66331096471ec5c329932c402b939af1fd5,4:44 PM,$9.02,Orange,0,XL,used
False,7158c816cbcc6251f874363b3816831542cb5d18,4:34 PM,$13.03,Crimson,0,3XL,
False,8ce5c410b02bbf734cbb8d4853dab8650295f358,4:18 AM,$17.17,Khaki,0,3XL,used
False,5de8f88459b3cebbfe8f1117f9f5c88e5fe919ac,4:58 PM,$9.86,Purple,0,3XL,used
False,13019d19ae05ca1010c045b6897ee0b359c28076,11:22 PM,$9.75,Green,0,S,Never Worn
False,e15419e44b5bc7407daf5fe922f060bb64dc7b87,1:25 AM,$2.27,Turquoise,0,2XL,used
False,f4f61b9771a54dfc37681447cb3eb403ad822548,3:32 PM,$14.59,Green,0,XS,used
False,2eb3c3d4b7240ae129251f6276012b0680f39d9a,4:05 PM,$4.71,Green,0,S,used
False,f1cf6a8584b26829102bd894ecaa1dab8985cd81,8:39 AM,$2.73,Turquoise,0,L,used
False,fa8959d0b0aeeff6e9820892a240320a26b1e2ce,1:07 PM,$11.86,Goldenrod,0,L,Never Worn
False,ee5702e3dfcb30ab2534e71d630bec612f893389,9:29 AM,$14.82,Red,0,S,used
False,22730de294d88d5f892f70d6089463dc16102b31,11:10 PM,$10.38,Crimson,0,2XL,used
False,c139d8fd5de2771379b4b233319e12966ce8ba7d,1:53 AM,$14.52,Red,0,M,
False,c6c0ebd810661e29309658c543c52e4e979ad1c8,12:34 PM,$9.07,Puce,0,S,
False,adc80f547c1ca5e250f5da62bac0bcc2a93797ed,4:08 PM,$15.88,Yellow,0,L,used
False,4a12af0dbc702fe5ff84d763076e0d3665afcece,2:49 PM,$4.19,Khaki,0,L,used
False,3021a578541df78fd3ba86da8e8049711f6524c5,1:17 AM,$16.91,Maroon,0,2XL,used
False,dbe59c8282b143931888db525d8484ec0da89c24,1:01 AM,$9.76,Fuscia,0,M,
False,b8a49b877fcbf25ffc30df38f7fcf4670131b373,11:50 PM,$3.59,Teal,0,S,
False,a700248dc55d159630b872501ec0e628553cfe76,1:54 AM,$11.98,Indigo,0,3XL,used
False,6c68bcdbf903858c3ed545f5db19cfa02a075902,7:52 PM,$15.96,Indigo,0,XL,Used
False,e6dd7f871b80182c9f9d38e98874f6220d8aab90,3:44 AM,$15.15,Mauv,0,2XL,Never Worn
False,f48948008e9a7dcaa2038ea59a55bd94c73fbd4b,7:16 PM,$4.46,Pink,0,3XL,used
True,416f18b7d5241256c64ae4a07b270645b4eb50ec,2:42 PM,$9.02,,1,XS,Never Worn
False,c58573d477dea379546738acfb21ed832f436fc4,2:52 PM,$4.87,Green,0,L,used
False,3eda52b6d587b732a91a057611541bb64c773aef,7:51 PM,$7.77,Mauv,0,L,used
False,148ce5191b6efae057316035a57fc4fc257141ab,9:32 AM,$12.92,Fuscia,0,XS,
False,73893969a3fa2d53fc26b5f8b4083b6b3a6eee92,6:13 AM,$6.71,Teal,0,3XL,used
False,7436da12fa7b810485c57f19eda4ad139887de4b,12:22 AM,$15.29,Blue,0,XL,Never Worn
False,22036c665e6fc5f05e7ecffe161ff4405fce9a54,6:57 PM,$16.84,Yellow,0,S,
False,e24b98a150c008c8c812eaf9244e8fe3b27aa883,4:29 AM,$9.90,Blue,0,S,
False,1e78bf6ae4c9630c66bc1986275b6445dc3c0e93,8:09 PM,$4.10,Turquoise,0,M,used
False,5a1c177cf77ea74bd50a1e3561788a1e6d54582f,2:04 PM,$4.02,Purple,0,M,
False,69e8ce9ab3b08d6e241950912d5236f0252feb5b,3:00 AM,$17.57,Turquoise,0,M,
False,69e01dc771a7db8e01040065328dc5ba01baf101,1:39 PM,$14.89,Indigo,0,M,Never Worn
False,ee0c51ff192531773d151f42adc2ee98e6414bf0,10:17 PM,$16.38,Green,0,M,used
False,88c0d5da8d848cfd8a3b6a0af505aed7b661222d,12:02 AM,$4.43,Orange,0,XL,used
False,e3039d19c8d813859ca40167c8f0288269e00979,1:37 AM,$12.80,Red,0,XL,Used
False,edfd3708cd247e1e907be7e1374d171637f8d661,9:04 PM,$14.83,Pink,0,2XL,used
False,5c5097bd79400bcd420b1b9a9de75c370dd57bb0,10:28 AM,$12.93,Puce,0,L,Used
False,5f417ba9459b66a8f720ad87d5058e072bdb477e,9:21 AM,$4.51,Orange,0,S,
False,759590def7289a92077bd0236f647125133c36d3,2:59 PM,$6.01,Blue,0,XL,used
False,918b56f6ba0044a5232c9df30c17428f767cac3e,3:47 PM,$9.18,Turquoise,0,XL,
False,a4fc9f4c97dff0c2393d2a3ed3ebfb8826fe687f,1:28 AM,$4.85,Fuscia,0,XL,used
False,75a5383ec9201541e033f27b70c7b895af0b455e,4:23 PM,$8.45,Aquamarine,0,2XL,Never Worn
False,cc0661a03dca847b12bccb0127387a199b3e2734,6:06 AM,$12.74,Yellow,0,3XL,used
False,234a6e048826b32f6a4b991ffb3a24c3726c345d,6:22 PM,$5.83,Mauv,0,S,
False,6ebefae060052d5628e7e56536b5dc94c98b5e5a,9:33 PM,$18.31,Violet,0,3XL,Used
False,16132d7cc32a7565c11953bc195a3e261eb0037c,1:23 AM,$3.56,Yellow,0,2XL,Never Worn
False,2183d1a178332a2694bbbcca67b06f3a45adec02,9:01 AM,$3.27,Orange,0,S,used
False,9ad536db432ec4fc35c3d69b181df1008626c9ee,11:22 PM,$14.07,Violet,0,3XL,used
False,de6c076e6399039f9a058366d3ea3b44208c31d4,7:17 AM,$3.13,Khaki,0,M,used
False,ec95ac67ecd9fe8f5067a0da164128405bf3b34b,6:07 PM,$9.41,Purple,0,XL,never worn
False,7d6db695a354b8cf2dd0b017c46e6d9a1a83981a,2:21 PM,$5.74,Indigo,0,XS,never worn
False,d55679a79f65ea6a0d845c97c80120ba3143c435,5:53 PM,$18.85,Pink,0,XL,
False,d7495527953819a167467410f11c5d3d3c8072b0,4:38 AM,$4.87,Puce,0,3XL,used
False,812c796fb6b38fefb2b8f40369072630032c5a2c,6:34 AM,$7.65,Purple,0,3XL,used
False,c1227647d3db2ad92ddffa7f8545dc5ac0b2a56f,2:12 AM,$6.81,Pink,0,XL,used
False,f14962c5a7cd17a2391e2fbe8a8bca750e07b85e,9:35 AM,$9.01,Khaki,0,3XL,used
False,6217eb37427ae27ca6e1ee3d16e1570e4108dcee,2:38 PM,$8.59,Puce,0,XS,used
False,aa063b5c6fd3bd3265628bc143db41e0ce94708a,3:03 PM,$2.53,Khaki,0,M,used
False,c7edcf044b601bf3e47a05183a4bf4bfa1c35d61,9:57 AM,$9.58,Teal,0,XS,Used
False,3aa323b99a1c0c150115289da8cd0db32512f8c0,4:13 PM,$2.79,Violet,0,L,used
False,16baac2d110058d816287e772a554c8d70eb145a,7:00 AM,$7.48,Pink,0,L,Never Worn
False,58e4f809d1620e2fb6f73758b48897d46bd03333,1:11 PM,$18.22,Maroon,0,XL,Never Worn
False,338944c58816802e61fa231db646ff01326dc8ca,7:57 AM,$16.64,Turquoise,0,XL,used
False,af1af78bde921f004e0cefb3c34a33c92d015ff6,2:15 PM,$4.01,Teal,0,S,used
False,f72e33a1d713c53abaac2ac126ce30732fce6c37,12:43 AM,$10.34,Mauv,0,XS,
False,b259a6543e008fa7130b487fd2805a5cc35fdc7a,11:21 AM,$7.72,Crimson,0,S,Never Worn
False,3609d2681e69d9b8b9e70ec3c63376af9b1d37c1,7:38 PM,$12.62,Violet,0,2XL,used
False,f561a80b6f0954a6ef94412052ed50bdf5fa03d9,7:49 PM,$17.38,Puce,0,3XL,Never Worn
False,e491a388126f629b217c4e5337d9e1cd638d8901,2:18 AM,$8.92,Goldenrod,0,3XL,Never Worn
False,728169bd8d886033b6b59e4b81d07bde825d4bc3,12:40 AM,$10.95,Violet,0,XS,Never Worn
False,995497aa4eefb5a54578ed020579df0237015449,8:55 PM,$12.89,Mauv,0,3XL,used
False,c3e86efc3a985cfc2946831a8dd8db199e0b6431,3:19 PM,$7.08,Teal,0,S,used
False,41241d345825d27c09e27bce987e6ea4e15fc5c1,5:32 AM,$9.92,Purple,0,3XL,Used
False,7895711122d8de3630f579866506f1e1f75cc9ba,6:25 PM,$18.17,Orange,0,L,Never Worn
False,8874ed02b983e055d97deb10fc6a20e23a82a9a0,12:30 AM,$5.83,Mauv,0,2XL,used
False,9d0731635dde1bf87473b568d68a1e3729ecabfb,3:36 PM,$12.69,Red,0,2XL,used
False,81834b8059cd54f23438bb4a9d173a7f691ee3e2,5:31 AM,$18.13,Indigo,0,L,used
False,dba6f1f873ce833c7564219eec710faade9c440a,10:18 AM,$9.68,Puce,0,3XL,used
False,eeaafe7ebbeb0325acd24e4571a00ef1c8ca0977,5:23 AM,$5.98,Aquamarine,0,XS,Used
False,96c987acc40baada9d2df88bafec49af4dc484bd,2:16 AM,$16.33,Green,0,3XL,used
False,99b1e72c2744f6f133d6b2702e3bc3b184d4d753,1:06 PM,$13.15,Aquamarine,0,XL,used
False,796a234d03b7266f6287bd55b9bb934543921388,5:49 AM,$12.11,Teal,0,S,used
False,7c39a0e70cc3c3458651f6d551a25b5119ae535b,6:07 PM,$8.48,Red,0,2XL,used
False,93058ab4b3c1e7e4925f13c088962ce8a7938f14,8:23 PM,$11.13,Green,0,S,
False,b6ae9cb50c82dab2325407da87c4f1d329b02294,11:12 AM,$2.64,Maroon,0,XS,used
False,a5645cd6cec0ec3f5471163b6c4f7233cea6eb36,2:23 PM,$13.72,Crimson,0,L,Never Worn
False,b0e4da118eee6d5a9b7f6848a68f164d1a1e9b3c,9:32 AM,$17.48,Goldenrod,0,M,used
False,757abbd7f217c9ae1195a6ed6949fc26c74d9508,5:27 AM,$3.78,Mauv,0,S,used
False,361e1ebc8d8d5a1e544cf9815f2581593dd5a249,11:29 AM,$7.96,Violet,0,M,used
False,e75a126cf99361c68f26ecdf815fb2c7f7b3ea4e,10:15 PM,$14.50,Fuscia,0,L,never worn
False,268e32952d0c9d7f6abf59ff44cb3628afb5702c,1:37 PM,$16.37,Violet,0,3XL,Used
False,8d53a82d4316fb5998189a6b37894830cd854e75,9:27 AM,$6.84,Blue,0,3XL,used
False,19bd3f6c83292a7f9d36b1dc958b4b23ebfa69af,2:52 PM,$18.61,Fuscia,0,L,Never Worn
False,9600ccd964e8265e3b5cebd946fd414dc4a20b6b,10:54 PM,$11.67,Blue,0,XS,Never Worn
False,0e0af1d6ec72e201817dda0aecf30444ff5b7f82,11:35 AM,$18.39,Teal,0,XL,used
False,9c76819eedf9eeedecf6999826ac6d70eb43f752,12:58 AM,$8.92,Yellow,0,S,Never Worn
False,6d3475405b9ee40167c7659f71ee22450f49d23d,4:43 PM,$14.52,Orange,0,XS,
False,6b83128b79f12da6675c5431d298bdc1f67a4a26,1:39 AM,$14.82,Turquoise,0,L,Used
False,64b9a24f3667ef496ebe7c59ed92edff34d25cbc,5:37 AM,$12.17,Mauv,0,XS,
False,0a5f962f1bf4a4d7ffb5933d10593d5bd9319d91,6:46 PM,$11.45,Khaki,0,2XL,
False,b988ebd111c6c1ea2b65cd786651a3924d14f032,10:00 AM,$14.06,Aquamarine,0,3XL,used
False,b04a7026e9d1201e71304a49272c9fd75f5a24f9,6:22 AM,$3.93,Yellow,0,L,used
False,bb1bea0c140d488b5eb7739a426a711210b92e88,6:19 AM,$9.66,Aquamarine,0,2XL,used
False,c87adb45fe7306f42ccafbb16ad9940eede3cc92,1:21 AM,$6.75,Green,0,S,Never Worn
False,d13eb84281d9f3949d2d5c5a6af99011f50b41dc,10:12 AM,$11.79,Goldenrod,0,XS,used
False,8d806739b99d04cebd84d7fc30cf8ed5ccfbb92f,4:27 PM,$8.76,Violet,0,XL,Never Worn
False,a5c6636d58c4f6f0e1f77f922b576daf817bd30c,2:32 AM,$9.50,Khaki,0,L,used
False,c18d2c028b4f36315942d8472c0464d7e669d11b,2:57 AM,$5.27,Indigo,0,3XL,used
False,75e0327cd1de5b54b8a2ac7c046b884eb37463ae,10:37 AM,$7.45,Teal,0,3XL,
False,f2852bb19bc48e0ab6517e6dff76faf7ebfcb352,12:13 PM,$9.23,Puce,0,XS,used
False,f0abde27648867a3048633705e1eb9b3ef8880fc,12:27 PM,$8.44,Violet,0,M,used
False,17e2c96ec2b949e41ae835e0c0856219d0080d35,7:11 AM,$17.14,Goldenrod,0,M,used
False,9b65fa2962a154a753f7c5c2f90a5b954227c583,9:59 PM,$9.73,Teal,0,M,Never Worn
True,a109c27e15fbccc01f641b0a5d248fc57522bcd2,5:15 PM,$4.23,,1,XL,Never Worn
False,a5900e579f75ef510ca0c008b596502e89d6f7a5,7:42 AM,$8.82,Maroon,0,M,
False,f2b74aa6c521f542de3f43a823d4bbaa2cc1846e,7:53 AM,$17.57,Yellow,0,XS,
False,f74e08ff803ff49efbd6a7efa3d1f2c2eb6a75aa,10:26 PM,$4.38,Violet,0,S,
False,194f2578414a55ad2b791e6701538f4ebfdbc9a5,6:39 AM,$14.92,Violet,0,L,Never Worn
False,cf3d79d9d9c3490c678e97fc0718a72358fb171a,10:38 PM,$17.75,Goldenrod,0,S,Never Worn
False,5f6f835141b78a716445fdf72ea3fd546930a8d3,12:01 AM,$15.01,Violet,0,3XL,used
False,01fb5508c02b6d4bacdf594877713fc34eb68c8d,7:05 PM,$12.55,Maroon,0,XL,used
False,2c1af8ed81061cf0b24e1f5a67e599a6dcb76748,7:10 AM,$16.82,Indigo,0,XL,used
False,57742fe8e19a2d51eedb7a47942d5d3551f43101,5:36 AM,$7.51,Green,0,2XL,used
False,648f6326848ac9b6ad004ee2d3352ea37deaf345,8:28 PM,$15.60,Khaki,0,3XL,
False,1a95053a01236933d025fd1840068d13247be622,6:25 PM,$5.05,Goldenrod,0,L,used
False,fd27cd0ca0b72e8a9db0fb9b48a97cf298fdacc6,6:20 PM,$5.05,Yellow,0,M,used
False,065f025aa6d485a2391bdbb4c9374abca56528ee,1:29 AM,$16.07,Indigo,0,XL,Never Worn
False,997558b6426dd1a07d5ab6b5f3aa833c67ae0ea3,7:20 PM,$8.75,Yellow,0,3XL,used
False,82eac0dff2b8e6a060d51c8763de23c22b086e02,12:06 PM,$13.76,Aquamarine,0,XS,Never Worn
False,2cb5dd6a3e646eb3f194b3e52ac8928a325a8e0e,9:59 PM,$16.27,Maroon,0,S,Never Worn
False,c1655187b0bbd2fcac57a7e7be1d4e63c4d067aa,4:36 AM,$6.94,Mauv,0,S,used
False,9574857c857b21f0c227b93dd0eff2b0de4e696b,2:31 AM,$4.96,Khaki,0,L,used
False,a33b22a9da82f28706fc6f0ade3d331f15cf73f7,7:44 AM,$16.31,Yellow,0,L,Used
False,63785b5f9ff595e724d59480a928155997abd674,11:35 AM,$18.79,Red,0,S,used
False,997fdfbd97c878fff09d27969da37f50f9f2cf76,12:05 PM,$7.50,Green,0,L,used
False,feda1561c075cfd8f5be08472a0b6f046dee8020,9:34 PM,$14.85,Aquamarine,0,XS,
False,5e6c18cd5f7783aaf868526bcc20b8d0590e2d60,7:52 AM,$3.62,Mauv,0,3XL,Never Worn
False,0a1d8d653c2ba8df2f6f9ca3e6aa14400b43f50b,6:50 PM,$4.03,Crimson,0,L,used
False,cb50af41559221e480b8126f4a344bf16f6d17bc,12:09 AM,$12.95,Turquoise,0,L,used
False,646d205024d8fed2eb0532497120890d0db7ef41,6:43 AM,$7.16,Puce,0,M,used
False,9002d9572e5e83d260994631b3fdfeddce1ed892,3:39 AM,$5.37,Green,0,S,never worn
False,3f762b7123b99259663d3412d1f172c569e52c31,12:30 PM,$3.33,Khaki,0,XS,used
False,69e28eee83e1fc87d1b70496b0dc2340aeb34c8b,8:15 PM,$5.60,Crimson,0,3XL,used
False,014b0f633f794a556745726c21d549ba711d9aed,10:30 AM,$4.67,Crimson,0,M,never worn
False,24cd05a7af867ea51149d0218994847ca001bf93,12:36 AM,$10.06,Maroon,0,L,
False,64407e3614cd0b6020cb5c587937915638712784,10:00 PM,$13.32,Maroon,0,2XL,used
False,6521d8df171ad1cbf88d391b40eedfd34e704d09,6:31 AM,$12.24,Violet,0,XS,Never Worn
False,923372c37c8d94a84385dd3759c0785c38257587,11:14 PM,$3.28,Blue,0,3XL,used
False,16a7fef65ebeaa2e53a586aeaa79f4702eeb779d,8:17 PM,$7.09,Orange,0,3XL,used
False,7ecaffc69b0d6f82c8bb2534201527582f0501fe,3:51 AM,$18.04,Purple,0,3XL,used
False,776cb733898efd7ebdc780edc6a316f4b04a58ff,1:58 PM,$9.52,Fuscia,0,S,used
False,67be3531f9e8276a78a87717c0ea076f83a8ea98,2:04 AM,$13.46,Turquoise,0,XS,used
False,2dc90d321cab5c1ba38d7c4927497ece3e0b9f6e,10:59 PM,$6.55,Blue,0,XL,Never Worn
False,1132004d3b6842dbbd5bab8be4c021aebe99979f,2:00 AM,$8.84,Fuscia,0,XS,Never Worn
False,53841f85fbabce5d60932ebf74f6bed48504c1c9,11:00 PM,$17.16,Pink,0,3XL,
False,77ded4b52d0bed00bb0ebf15eeaf89bde5ad4233,6:25 PM,$4.47,Indigo,0,L,used
False,c9f3497ba316eccc8336dc53c55ade35e8c3ebf9,8:03 AM,$5.70,Fuscia,0,3XL,
False,d77fc2a6d0e81f7be4c054f4c45d8f18d603a28a,3:16 PM,$17.49,Violet,0,S,never worn
False,8c79b1a0a324ba70083ac39135bb566f00c6f611,9:14 AM,$5.74,Khaki,0,S,
False,3d5fee128e716fc9073325a38556fd0fdbfb1fc8,9:49 PM,$12.95,Khaki,0,L,Never Worn
False,deb2cdbae4b7ceb140d124931a347e165a914b6a,12:24 PM,$4.61,Maroon,0,L,used
False,b13219319f1f9baab2cbd063a85203bd048bf47c,9:44 PM,$15.15,Orange,0,M,used
False,fa5177fd57deecb282740ad0eaf4506efafa7c46,7:19 PM,$5.75,Blue,0,S,
False,de05fa39e5b1049c3a677860d95876af86de8879,4:02 PM,$10.45,Green,0,XL,Never Worn
False,a011e756f3a060b470d74d4bc7097c17f381c32c,11:16 PM,$3.97,Puce,0,XS,Never Worn
False,18d4d0a564158db7e0f8f58a5dd099432b6151cd,6:36 PM,$15.22,Crimson,0,XS,Used
True,ed2ea30b4cde27d83af1a22134641403be5e2eea,6:28 PM,$13.33,,1,S,
False,f48383a5be23c5c881768429d1e41f4d5d1fd350,1:09 PM,$5.80,Crimson,0,XS,used
False,9cf8481891e3e7672bd67a1e8f082395b530e549,6:21 PM,$4.02,Maroon,0,XL,used
False,9346ebbab27581eba2cc1132b4b46336caa57b73,5:36 AM,$5.97,Teal,0,L,Used
True,a6a8b63237b641193ef5020bd1e395010e60a8f9,10:56 AM,$3.25,,1,S,used
False,6ce118d3846c5601e7afc6f1eeab40a02c495af2,10:58 AM,$7.11,Turquoise,0,XL,used
False,0ad3fe5d4fa6421365429c91d9cfe7c4c217cca9,12:55 AM,$8.57,Orange,0,L,used
False,fa26072ecedecd28f6738f2c7e7854625ab7fa19,9:34 AM,$5.82,Yellow,0,M,never worn
False,dbe03e21365f6692660af9fade9f821f0ecb1a19,3:39 AM,$11.01,Blue,0,L,Never Worn
False,e923cfa3be0da84580de54a5c129a869b5957e82,11:20 PM,$12.60,Crimson,0,XL,
False,9b9d1fb2bbf624a66f350908d994022d32f6f4ef,2:39 AM,$5.91,Fuscia,0,XS,used
False,042ecd4c16a5ab26e9cce13d36ace978ededb1eb,4:15 PM,$3.89,Purple,0,M,
False,8b489b27862e9c2d2aafea5add9b3b0fad12f99d,1:45 PM,$16.53,Orange,0,XS,used
False,7113c810a1d4e92be5346eba3f46e9eccf85d8c7,7:50 PM,$2.40,Puce,0,3XL,Never Worn
False,f9f88636fbe8f9f2690af0f52a716705112310b6,5:35 AM,$7.86,Crimson,0,2XL,never worn
False,6262c5e7bdd02489cc893abec46280c15648afb7,10:41 AM,$17.09,Red,0,XS,used
False,61416ed1c2e37d3f3e2e4da2a5c16b3b48e4f14f,1:55 AM,$14.75,Maroon,0,XL,used
False,7d56194bbc5abb1a69ae5d9cf88ee3e124fdf5e4,5:34 AM,$9.94,Crimson,0,L,used
False,112d28bd1b30f77171a4801b75eb2c8e05d3d2ab,9:06 PM,$3.09,Violet,0,2XL,
False,6c850320971b7704bf2f7a40de9410a06c349688,9:40 AM,$8.18,Green,0,XS,Never Worn
False,ad8a23496fb0f753a1d5354feb9a2db2c625376b,1:20 AM,$5.72,Puce,0,2XL,never worn
False,bad823bd4ee20fcc4bfcb9d75ef0d8337be48ffc,10:02 AM,$10.72,Teal,0,M,used
False,d7adb4d9bb56b1d90b50499a93e8dc8c6c4903ae,4:31 AM,$14.19,Yellow,0,S,used
False,9587e7b65594797731694e4bd454208aafa2e78f,11:26 AM,$5.30,Crimson,0,S,used
False,45ab0210d1d7f6d134e2fa341171b7602ad6df85,6:19 AM,$17.58,Indigo,0,S,used
False,032d711943c90534f3c636582f51c77dba858434,8:35 PM,$16.00,Red,0,2XL,Used
False,1734efceb882c3b52c37f57b89b8575d4121aa38,11:44 AM,$18.05,Violet,0,L,used
False,cd5c064fd91a5982425b153d36269e7e3c68e88d,10:17 PM,$3.31,Turquoise,0,L,used
False,cf715ccc8e77fd39c5f540c33a7fec89960ddc5c,12:48 PM,$11.25,Turquoise,0,M,never worn
False,e99f7e16934ec0c557948260e0be5f2629982668,2:35 PM,$18.07,Goldenrod,0,L,Never Worn
False,ae9e1426c226cad47d9c53d7683a69b317a85afe,3:34 PM,$16.65,Purple,0,S,never worn
False,892b2c00a9c14e7518d281f79c6600211722cbb6,4:11 AM,$7.59,Green,0,3XL,used
False,3fb69deac92f1cba38324148e7f0d5102f847f8f,1:29 AM,$2.22,Khaki,0,3XL,used
False,3b168ec103f1a665767c171db66b1c8eb7a5c521,3:14 AM,$11.58,Blue,0,XS,used
False,6002384b9c92ec2e833ca2f6c271ccac0760e726,10:24 PM,$14.69,Yellow,0,3XL,Never Worn
False,9089d5ba31fbe637a7253ed990ee862001f13221,8:36 AM,$15.44,Red,0,3XL,used
False,fc517fb0250272222654f3baf48bdac81790839a,3:24 AM,$11.04,Indigo,0,XL,used
False,eb03034b32a5ed188fdddacc8929083b5371a926,1:43 PM,$13.23,Fuscia,0,XL,used
False,64a08d8a5db7ac0376371601bd0bcf32ecbdc34e,7:08 AM,$11.09,Aquamarine,0,M,used
False,39459a0aa2eae484953f7daad0a50158f2a5d3f7,5:37 PM,$18.68,Goldenrod,0,L,never worn
False,8269e1af38e6654fc91f307a49e9a5a66e54eda2,8:44 PM,$17.85,Violet,0,3XL,used
False,69731f856f01e14abcf300e4e8d9432d4bcbc3ae,7:58 PM,$4.22,Goldenrod,0,2XL,
False,0d2a6d1c8f09b7a7ad36efeeeab791f79e46da48,2:20 AM,$16.11,Yellow,0,M,used
False,b74b345228e39397e553513b4354c68ace9fcb55,3:37 PM,$9.18,Blue,0,XL,
False,9a0ba64389f91a8c23460c41f401afcac37d1ab0,2:57 AM,$18.55,Goldenrod,0,M,Never Worn
False,1b31abf2600babe914f3950820a7af0c49006594,8:19 AM,$17.34,Khaki,0,M,used
False,df2b1f6cfb379f9646ff7ed500c14c77417c9917,6:27 AM,$9.86,Blue,0,XL,used
False,8250deaf631765d2d8fa377e55c117021cf9a71d,8:01 PM,$9.40,Fuscia,0,3XL,used
False,2eeb6d4158a80fe7038265276bda2b2b808729bf,7:07 AM,$13.17,Yellow,0,XS,used
False,40b7c27d4aecc0b5ef98f444346871b79e0e5e6f,10:55 PM,$2.18,Blue,0,M,Never Worn
False,4ba9e47ebff28833c29f859b947b5c9c3585a211,5:26 PM,$18.99,Turquoise,0,XL,used
False,1200aa0f99fee29e1f56b18635cabcf4f888bddf,8:59 PM,$14.12,Khaki,0,S,used
False,6c6c74d9b02b86d72430916a7d9014e4a49ca454,9:57 AM,$7.00,Turquoise,0,S,Used
False,baa22b4c2864dc5c9e48299f81eeec1587160ec5,6:33 AM,$18.71,Goldenrod,0,XL,
False,feb3367565fc1edc8389228806d011aa451ba189,9:34 AM,$10.49,Indigo,0,2XL,used
False,9217f9066a33ac33b36d28d10232d48a05a7f150,10:51 PM,$18.98,Violet,0,3XL,Used
False,1a457e7a5eb96ad7ad99094a266beec2b7e18976,3:59 PM,$7.78,Puce,0,S,used
False,f677fdb2d397415972e29e68d8d8409f4d997b8c,11:54 PM,$9.98,Blue,0,XL,used
False,b59831c729a08bf6ef3d2db5c9c8feba9c7c9b96,12:49 PM,$10.42,Purple,0,M,Never Worn
False,a0763544456e802795398d16d120caf059c28e09,12:49 PM,$15.43,Violet,0,L,used
False,ec0703e0c075684f6f2d0b2dda240dc70d81b94f,4:13 PM,$2.78,Yellow,0,L,used
False,c511fef0b0c49474b57acb8e2a10ed3c873ed5b9,8:48 PM,$3.20,Maroon,0,XL,used
False,cc6abd1b4543fdf47ceb588e09d2af434c785690,7:20 PM,$18.14,Blue,0,3XL,used
False,69b1a36019ab521744873e6806ba903f7ce0f8c9,11:44 PM,$2.87,Blue,0,M,Never Worn
False,d30de1fbdde1d7b776201491f5ca8fcd5a4075d9,9:13 AM,$4.50,Yellow,0,2XL,used
False,924f315567d51bea5dedf618184cae5e8c0c8424,2:24 AM,$2.22,Purple,0,M,never worn
False,64a46784eae9de2ebc86e7ebcfab79d63bf9ec98,5:05 AM,$5.32,Turquoise,0,XS,used
False,95b4b2a2ca64065d86125dee9f85f928fc283ba6,11:34 AM,$3.54,Orange,0,3XL,
False,ce5a5f29eaea777e399430699a6534134faadc6f,6:11 AM,$14.94,Violet,0,S,used
False,9071c916ef28012024b71331c1efb1fac06ee7b0,1:48 AM,$18.57,Khaki,0,2XL,used
False,470043929c11afe4f7d0d3bedb03dbe44e5934f3,7:40 PM,$2.54,Red,0,XL,used
False,0f7c89f40d77dc3c6a063ab2fe07144bd34dae62,9:43 PM,$3.10,Purple,0,L,Never Worn
False,1587f47f7c01109e5e400392a5a73ba4c56b230e,11:21 PM,$4.39,Yellow,0,XL,Never Worn
False,d1e1265ebf1bf9f263a63e4f39f8e3b3a3ebd0c6,6:59 AM,$10.66,Mauv,0,3XL,used
False,202c2e40eab676b5f437f2485ef65e049bb7d1ae,10:06 AM,$8.21,Purple,0,2XL,never worn
False,1d698b23c35e7e9c68682e5308b7663074c21c7b,10:48 PM,$9.38,Crimson,0,2XL,used
False,1ec97bc12fe469f3d876b3585df23f72a2cf79b2,1:42 PM,$12.58,Khaki,0,3XL,Never Worn
False,b73f0752933058d6ec530fb22ae804667a44a127,9:23 PM,$13.52,Teal,0,3XL,used
False,13a264f51d64e7372c06c1f3ecccc30b5658e0d7,3:00 PM,$16.60,Violet,0,XS,used
False,f2aeb8bb4d5741a866816f208cfa25a6723fee6e,7:25 PM,$6.42,Green,0,XS,used
False,9e75839673de8e250db2d21d30ccdc85fe8f93b8,11:50 PM,$14.07,Blue,0,XL,used
False,36f03e826c1a55cfa112e7fa17b581505ee30116,8:33 PM,$5.73,Blue,0,XL,used
True,8d55a7e2860a856cdb2cb367966a8ead2e7445f7,5:53 AM,$3.73,,1,3XL,never worn
False,5639f60007cc0468cfcacb698d98c38837dbfed3,7:42 PM,$11.71,Crimson,0,S,Never Worn
False,21a7b079f74855e503178f75e9f66e13181799b1,8:30 PM,$4.73,Khaki,0,XS,Never Worn
True,826aaaf4b73a1549a5b6df6b7adbeefbbbc14140,6:23 PM,$5.62,,1,2XL,used
False,c675d140e3ff410e8d3f4c5fc28a83408c0b5409,6:22 AM,$12.79,Fuscia,0,M,used
False,8c37474e919a680139fc789abd20f5fa086f8c1b,2:56 AM,$13.15,Crimson,0,M,used
False,012762c65a4db12d640116ba5f3ed85b873b477f,6:11 AM,$18.02,Blue,0,M,used
False,ef14a55d06e5568b6f4a8d6f2a8f171426f0093d,4:11 AM,$16.96,Red,0,S,Never Worn
False,1f4011c10310dd085a6cc035469281d6b1242677,3:23 PM,$4.54,Puce,0,S,Never Worn
True,4427f697ddfe6174a19aee95e191fd081feacbfc,5:53 AM,$13.59,,1,3XL,used
False,4bb49de92d344acfdbaf09bbac771baef939fced,9:05 PM,$4.58,Goldenrod,0,XS,never worn
False,5825213551a1b339c87773e283aacf65334baf27,2:51 AM,$10.06,Orange,0,3XL,used
False,41ada1ed62d859ad46a74a310b8809a4f3438ca1,11:18 PM,$4.26,Goldenrod,0,3XL,used
False,14121155f860711db8ad16143501fe4958fedd87,11:19 PM,$5.38,Khaki,0,XS,Never Worn
False,1cb396cf078678935b4c7f0ec46999d02abcbbb7,12:53 PM,$18.39,Teal,0,XL,used
False,5c2da857e0397d38df75a861cc9a3b560580a2ca,2:09 PM,$7.38,Mauv,0,L,Never Worn
False,f2121527dba2a11273df654a49f1812d5b343d63,11:16 PM,$12.90,Purple,0,3XL,used
False,344e982174062adc7d257bdb4bea8d2fcac55f5d,4:22 PM,$9.52,Yellow,0,M,used
False,ee0a6d2d9673c4106165649b8541970448bc1fbf,6:38 PM,$6.11,Purple,0,S,
False,537c2cf5f298c7f5d969a09fc443e99e50d072da,4:10 AM,$3.38,Crimson,0,XL,Never Worn
False,d9f4a0ff5f8e94feb4dc568dd5bfdc9075cdf074,2:40 AM,$4.81,Yellow,0,S,Never Worn
False,efd156b72dd0b3d58e56e1ada526ea3a8f504d09,10:52 AM,$5.61,Goldenrod,0,L,Never Worn
False,39d413ef6986ae538fe2b16805ef1b7120b113d8,12:46 AM,$3.94,Khaki,0,XS,used
False,4648f08cfa2b30ef262673f452b4ccd597cd64ab,7:26 PM,$17.64,Turquoise,0,S,used
False,dd7e5ceb22c53c685fdf3bafff30693f026a764c,4:04 PM,$12.35,Yellow,0,S,used
False,fbd694d5866e06e9d5df873c92cb7be930b23344,1:36 PM,$12.37,Crimson,0,M,used
False,8d68f2a012cddf5961f27fc9683101a91b438aab,4:21 PM,$18.57,Khaki,0,L,never worn
False,ce6c4120c400fc9ee62dc0531fbc9d20f2b41197,12:01 PM,$4.14,Maroon,0,3XL,used
False,17436e3d3c8fe2f2a3f84cf6eb838d8484a09c6c,7:15 PM,$6.76,Maroon,0,2XL,used
False,72decff88ce22da7de17da98a084ca9534a7b388,12:49 AM,$2.06,Fuscia,0,XS,
False,e591333232f04bf091d9f62c2bd33231dec03f68,4:55 PM,$14.22,Green,0,2XL,never worn
False,ae186bd1b7e921e40d5978dc01d178736e50a4b6,3:14 AM,$2.82,Puce,0,3XL,used
False,161c11ef6f9043f91536264d55dd9fe13cf70f64,6:18 AM,$14.69,Violet,0,3XL,Never Worn
False,a77711762855624457a70cfd3bf32d4ceff10569,11:12 AM,$6.56,Pink,0,2XL,used
False,44df117519c71338bfdfbf633804b120e2dc9113,8:29 AM,$2.80,Maroon,0,XS,Used
False,731f15afe8be08e5455aa6a36440ea588fcb7748,2:06 AM,$11.90,Aquamarine,0,2XL,used
False,397323ad7943a7eb090ac07174c38cdba5cc8889,6:41 AM,$12.52,Goldenrod,0,3XL,Never Worn
False,d9abf1903891f686c9d1068669e3c55e2aeb2881,12:48 PM,$9.69,Teal,0,3XL,used
False,a7275b2f14708afa387a013ad6a50ec1aea4b432,10:56 PM,$8.44,Purple,0,XS,used
False,86aef4f10ca58caccd0be3387b50d84bee674828,8:18 PM,$6.57,Orange,0,3XL,used
False,8fefa80d06a995d9e2a4ff61d336f9a543dc0293,2:06 PM,$5.68,Fuscia,0,XL,used
False,26d9a07c2b70c626418812ad43813d9e67e90020,4:34 AM,$14.78,Orange,0,M,used
False,a7ce5884368ae388695bf14966428352380dd71f,2:13 PM,$2.67,Green,0,L,used
False,7149e34341902baaeffde12a747418e0eae58baa,1:16 AM,$3.41,Crimson,0,3XL,used
False,d586f452700fb0278161d8299ddeb3cd5f613c8f,7:26 AM,$6.65,Purple,0,M,used
False,1b039896eb18ae6a3d924074b64e35a401de3d94,5:26 AM,$16.77,Pink,0,M,used
False,3d9880aef0b62dce9fa4f6b6218f7134137eb9cf,4:26 PM,$13.84,Mauv,0,XL,used
False,f2a38aefb246913a6a59de385118ddfa34b12c9e,5:20 PM,$4.30,Pink,0,S,used
False,b3f03680e5a76fa927ab9fa07c0d31c0a3e41c57,3:22 AM,$16.58,Maroon,0,2XL,Never Worn
False,7283d3068e5c8040bf1db510ca039ae1f3cd813e,1:57 PM,$2.23,Yellow,0,XL,used
False,a207ea6a14cdd882812e7b76596ac1b5072291de,1:57 PM,$9.64,Indigo,0,XL,Never Worn
False,646cc2fdee26bce2a12b4cb5b9059f8624476e1d,2:54 AM,$5.68,Blue,0,S,used
False,7bb17b22710cf188a997f828bec750814604cb23,12:01 PM,$12.95,Blue,0,M,used
False,4767fa57d5f93eac27f4a5cea0fa924fee70cd3b,11:18 AM,$5.20,Fuscia,0,XS,used
False,bed25e13904d490fc0b15d0526dde81a94e49cdd,10:20 PM,$6.72,Crimson,0,XL,never worn
False,8256f7cb845f1e3b068495f2013ec2453fb576c3,7:10 PM,$12.38,Pink,0,2XL,used
False,ba26388b2c715de64bfa951b2e0ebaf528f1f52c,2:37 PM,$3.40,Maroon,0,3XL,used
False,ddcbb283d4f6046e5b4c0593b00a7941d2f0c5bf,4:48 PM,$5.24,Red,0,M,
False,0fab19421c80f7044be7ebc471e1401eb367d654,8:33 AM,$4.82,Green,0,XL,used
False,47cfc3000f4fb479ac8c605d67c76c60245c4570,1:33 AM,$8.26,Violet,0,XL,used
False,192870115cdd811673d5564bd6e1d9ffd81e58fe,1:46 AM,$13.48,Violet,0,XS,used
False,92ce38210a40739450ddc86e4e34a44fb44f1b66,10:54 PM,$12.91,Yellow,0,3XL,used
False,1ebc280fc3c3201d2f4eb481a907c4e7c45dae67,5:09 PM,$6.90,Indigo,0,3XL,used
False,80a39848c73f24cd45b5f28871ff5583fa2a22aa,12:18 PM,$8.40,Yellow,0,S,
False,968a8f1280acd19c19553d581ee1ec8c8a2a6da7,5:35 AM,$11.03,Green,0,XL,used
False,121039c81f3a71ffa07781fe8be6c8c9a98aff68,9:41 PM,$13.01,Blue,0,2XL,used
False,4659768fee568439e0dfe610323630b69cb88882,4:08 PM,$16.42,Maroon,0,M,
False,206b3b7a645bf08de59e3dc040f47a6f4f01cb3e,1:39 AM,$15.11,Maroon,0,M,used
False,d5ec6500a9e1b9109ff8e2bc4805b96ab3191610,5:30 AM,$8.80,Turquoise,0,3XL,used
False,4f42a489cb3342bf5e13ba1512035d3800b52dc5,1:03 AM,$17.43,Purple,0,3XL,used
True,c2c37d19795b1609b9f62249e4b7285b20ddbf30,7:29 AM,$14.91,,1,2XL,
False,5bcb46d898971d9a55ece47b3f4fc394188508bf,7:51 PM,$16.89,Fuscia,0,M,Never Worn
False,6e016f8b2aec8f82f9c8e5dabf5780577473f691,1:10 PM,$12.70,Goldenrod,0,XS,Never Worn
False,a34aa780e13b423929d2f6e53b4b713f38af0ca1,11:29 AM,$3.01,Mauv,0,XS,
False,431e9b3f68e2d20c4df2162c08d87b7977d3dbbb,3:57 PM,$2.66,Blue,0,3XL,Never Worn
False,4894cad64a6082fbf394b6edde91d0aeda8f82d9,10:05 AM,$2.73,Yellow,0,3XL,never worn
False,d8b0c8042de38712aea6e1122fb9f2ccce93656d,10:23 PM,$10.97,Puce,0,S,used
False,2fc5cbfa5cc27abc439ebccf1fad6df4fe3b6526,2:26 AM,$13.94,Khaki,0,M,used
False,1e00be6f1ced1ef798f4d3611f6c481bb0a7a95f,1:13 AM,$8.54,Red,0,L,used
False,a1db427ce292e08a94275c6bab4b67924f4a0e09,2:34 PM,$8.04,Mauv,0,XL,used
False,aa4f0fa3121bdcbee787d4d397b8560ec03f7903,4:11 AM,$13.59,Orange,0,2XL,used
False,4c95e42ea16db3393aac321f70adbd62522095f5,10:00 PM,$14.52,Green,0,3XL,Never Worn
False,02e171afacc50268ab86f800de53b24a57e5f1e7,11:26 PM,$9.80,Turquoise,0,S,used
False,63198f3153b3e027ac0617d97af73f2e24e62b82,7:07 PM,$10.67,Green,0,L,
False,b5db4378b7cfc316e13b10150e3f6b284822a026,8:05 AM,$3.44,Fuscia,0,2XL,used
False,8548c08341474ae3c8673f174a310c8f0bc09fc3,1:33 AM,$15.58,Orange,0,XS,used
False,36b60ee5904a5e36087abd4bece5f0ab799e5d3e,11:52 AM,$7.47,Aquamarine,0,XS,Never Worn
False,0fbe4a102c1e2597c1b3db8fe0a01fcd5a4bc4d2,2:57 AM,$7.47,Violet,0,M,Never Worn
False,a86c6860e1d9b3bee8c6a285b68a65ca8fdee262,6:47 AM,$14.09,Red,0,XS,
False,2613c176f073a1b4284303d245e1917e6cbc8b8e,8:36 AM,$14.15,Fuscia,0,3XL,used
False,e0488a42caca3e73cc7cf426c2046cd3e84aa751,2:12 PM,$11.87,Pink,0,XL,never worn
False,5b296772a14364d09beda0f00e855eed6dc55557,8:30 PM,$9.86,Blue,0,XL,used
False,5f040f6e508140241da2a2149e8852cb6be47148,9:42 PM,$10.50,Maroon,0,L,used
False,ae25aeda694b3b3e7d1e82d1e777bcb0b77ac370,5:49 PM,$18.46,Yellow,0,XS,used
False,133d16fb4a7876cbf850262a3d86bd97144a8973,7:48 AM,$4.16,Orange,0,M,never worn
False,db4cf8a5f035f1ce932732d52b5f30816b8c5f71,10:20 AM,$2.63,Red,0,XL,used
False,78ada8b0f364eaab744a638662b87186dcce37aa,5:13 AM,$10.87,Pink,0,S,used
False,80836830cf13d07767758a0811c1944d834923d0,12:39 PM,$5.18,Maroon,0,3XL,used
False,c83ee010341d1e9adab938f5fdcd84782469c7a7,10:17 PM,$8.30,Goldenrod,0,S,Never Worn
False,3b9f53f4ebb858495f7f2c9122e5950497716be6,10:21 PM,$10.83,Red,0,S,used
False,8efb149cbb243fa6db9042636b14ab3a5ea68d1d,6:42 PM,$12.29,Khaki,0,3XL,used
False,3d19b20df6dd345e26e278d8d3f700fbfbf329de,12:30 PM,$11.52,Yellow,0,S,
False,6d48162a07cae57a3923eef25c958d89a5d4f403,12:17 PM,$15.77,Yellow,0,XL,used
False,f14ed2b17a69633b827c325f3bf591c8678a2d3a,8:39 PM,$6.25,Puce,0,2XL,used
False,ea19db9cae927a0e8a9573f9ae94c79b508e197e,7:31 AM,$11.72,Khaki,0,XS,used
False,14ee0613c1ba034683f656fdc078fcd4e85240e8,10:12 PM,$13.16,Mauv,0,2XL,
False,795c812ecaf5c146fc87b89e28fcf00606c69a24,4:24 AM,$18.91,Yellow,0,3XL,used
False,e4e264b0a49877740fb32f76a4038db926c74b6d,7:47 PM,$14.79,Blue,0,XS,Used
False,b45d44c9b3a678a3ae0bad61bb00ed9f20e087ee,7:16 PM,$2.21,Violet,0,L,used
False,efa418d03b740efb106ad4b984a13cabbee4c31d,8:46 PM,$16.17,Aquamarine,0,S,used
False,230ddc535049a4ce2a8cba1bfdabb40076c9ab0d,1:44 AM,$16.26,Khaki,0,M,used
False,93cf0cdfa621ac6d4e0feef8e512a9de38f99363,7:22 PM,$9.77,Teal,0,L,
False,eea50ef75e79ac754f660db9e8ce173e9abfbf4b,7:48 AM,$10.19,Indigo,0,3XL,used
False,7eb36e4a56bf33632c108d3c5e8e8149f1799ccd,8:33 AM,$4.16,Fuscia,0,M,used
False,d95116a7dc2e303a4910accca96129fd9f02f9a6,6:17 AM,$7.74,Turquoise,0,2XL,used
False,8db20f92e539315a2393a889be9569b2a24110c5,11:36 AM,$16.58,Red,0,M,used
False,48b4586225c10df7b9d76b8fb7a6145ac44a79ac,9:11 PM,$8.68,Indigo,0,3XL,used
False,f89b376e64b01f3caee78213fe7dbe00029f74aa,8:57 AM,$12.10,Green,0,XS,used
False,654a0e60678e21cbec92f72b28380a13aaa1a95f,6:41 PM,$8.48,Green,0,2XL,used
False,7d640d90c354bdc81c37cbfd24ecdff400dbc6f2,2:29 AM,$12.93,Indigo,0,M,used
False,4c49e841a9c8c63da4cdeae5a42ba77342f08140,3:14 AM,$5.74,Pink,0,XS,Never Worn
False,75a8a02400d1a47becdb5d8c8b58deb786bce2df,2:44 PM,$3.63,Aquamarine,0,2XL,used
True,8c877cf3d96b10535830bfe7f56fd260cc210dee,2:55 AM,$17.79,,1,XS,
False,5d63d4f5c2031f894c8e11498db9d6b5228b318c,11:53 AM,$9.87,Crimson,0,M,Never Worn
False,de7cd7c8e17a82ea6f8fea26e1516062958ba332,11:32 PM,$14.46,Orange,0,L,used
False,7fb0dde1b61b6832d1e40be3d78a35bf334b12f5,10:02 AM,$3.30,Orange,0,3XL,never worn
False,5e15311804eeb6360e4d4a1f44fdfed10fbb696b,10:10 AM,$9.58,Blue,0,M,used
False,2f589c66c59ae948142d904034ce114fc8877f91,6:23 AM,$15.59,Violet,0,3XL,used
False,dc9901138a20511823bbef299f22c8f39b834f14,5:39 PM,$16.30,Yellow,0,M,Used
False,ac9149ce4d18b3601d48df02fb90360a7b6ca8d6,4:48 PM,$4.02,Pink,0,XL,
False,c3e881ae5e0903ec35305956669a5aced03e6ebd,4:29 AM,$9.95,Green,0,M,used
False,86e94445d2cd1224c344d3e4648ff71b19c41d17,12:30 PM,$15.72,Fuscia,0,M,used
False,24c704eeaea18892037cd4bd71daf55053ad3ae1,10:11 AM,$16.73,Red,0,2XL,used
False,f6cd3648f22a9c0dc4c973f9c192f3df8833bcee,2:57 PM,$15.90,Maroon,0,XS,
False,2835dc77b67247acc0a996c1930ffe0940d25edc,10:50 AM,$17.43,Turquoise,0,XS,never worn
True,e2a95aed27e84b95d1d1ee70e7cc968aba58d270,11:19 AM,$17.41,,1,3XL,Used
False,c769b0e06b2fbdb6baa3877d4164fec656651704,10:56 AM,$17.59,Orange,0,L,used
False,fca231f047379f160d941de172dfaaf0262ad779,6:47 AM,$7.10,Orange,0,S,used
False,a2931f04b3d978a151571189f24b93d9a169cb4b,3:17 AM,$16.52,Yellow,0,S,
False,8a76de7f43852627a57d4a6acada5aa4bba3783a,10:21 AM,$4.42,Yellow,0,XL,used
False,cbaa15d44d09108fba33f1a3e8c5cc6f8c637ec8,11:12 PM,$2.75,Khaki,0,L,used
False,370aa9d39fd5c287806cbabfaa42a5bce42d2818,4:28 AM,$14.96,Maroon,0,S,used
False,2fb44ce859394690a6107d1b62903a9cfdc21741,4:38 AM,$3.32,Blue,0,2XL,Never Worn
False,74e348632e24bce9604605ceab865937e1366c77,12:42 AM,$12.63,Maroon,0,2XL,
False,a103132967d2f35349430f624166e7c6843e767a,10:17 AM,$11.78,Indigo,0,XL,Used
False,6fa16b110f53367cf15e6e1dcffdcb4c2653f1ab,9:56 AM,$5.79,Violet,0,2XL,
False,2b7b6cbc2224502c7137262575e97a450b336fc2,11:31 AM,$14.07,Purple,0,S,Used
False,7f2a5141de8a7f752f8f98722393ffa3b0fb1e7a,6:25 AM,$17.63,Yellow,0,XS,used
False,c4549687dee4d3061fd3c82433367bea083d4d05,2:22 AM,$17.00,Yellow,0,L,Used
False,abf227d09fe37b3e333b419e0854c6c2fd1caa50,7:47 PM,$17.05,Indigo,0,XL,used
